dataset,missingness_type,missing_rate,imputation_method,tda_method,dimension,wasserstein_distance,bottleneck_distance
air_quality_and_pollution,missing_at_random,5,k_nearest_neighbors_imputation,vietoris_rips,0,6.469133441280519,0.0053244856775169
air_quality_and_pollution,missing_at_random,5,k_nearest_neighbors_imputation,vietoris_rips,1,2.136873489255217,0.0025189716859067
air_quality_and_pollution,missing_at_random,5,k_nearest_neighbors_imputation,vietoris_rips,2,1.1872406482830953,0.0030337278779855
air_quality_and_pollution,missing_at_random,5,k_nearest_neighbors_imputation,distance_to_a_measure_sqrt,0,1.7104697146692391,0.0036330076159311
air_quality_and_pollution,missing_at_random,5,k_nearest_neighbors_imputation,distance_to_a_measure_sqrt,1,0.2434802470356212,0.0012868225038201
air_quality_and_pollution,missing_at_random,5,k_nearest_neighbors_imputation,distance_to_a_measure_sqrt,2,0.060178404756771,0.0009982870057347
air_quality_and_pollution,missing_at_random,5,k_nearest_neighbors_imputation,distance_to_a_measure_chazal,0,0.9702170764758122,0.0024939829447217
air_quality_and_pollution,missing_at_random,5,k_nearest_neighbors_imputation,distance_to_a_measure_chazal,1,0.087286662683463,0.00108857526089
air_quality_and_pollution,missing_at_random,5,k_nearest_neighbors_imputation,distance_to_a_measure_chazal,2,0.0218688971662831,0.0009212908669274
air_quality_and_pollution,missing_at_random,5,k_nearest_neighbors_imputation,kernel_distance,0,7.710010966960453,0.0102483779717858
air_quality_and_pollution,missing_at_random,5,k_nearest_neighbors_imputation,kernel_distance,1,1.5510279096976205,0.0034755336976836
air_quality_and_pollution,missing_at_random,5,k_nearest_neighbors_imputation,kernel_distance,2,0.5105272236408332,0.0015918285998725
air_quality_and_pollution,missing_at_random,10,k_nearest_neighbors_imputation,vietoris_rips,0,14.774194582056555,0.0079785740857401
air_quality_and_pollution,missing_at_random,10,k_nearest_neighbors_imputation,vietoris_rips,1,4.285214435603705,0.0051314132339385
air_quality_and_pollution,missing_at_random,10,k_nearest_neighbors_imputation,vietoris_rips,2,1.9478752331430804,0.003728168292762
air_quality_and_pollution,missing_at_random,10,k_nearest_neighbors_imputation,distance_to_a_measure_sqrt,0,2.442890284723731,0.0036755655158394
air_quality_and_pollution,missing_at_random,10,k_nearest_neighbors_imputation,distance_to_a_measure_sqrt,1,0.2887128519118197,0.0014044325744265
air_quality_and_pollution,missing_at_random,10,k_nearest_neighbors_imputation,distance_to_a_measure_sqrt,2,0.067135856451755,0.0013193417774152
air_quality_and_pollution,missing_at_random,10,k_nearest_neighbors_imputation,distance_to_a_measure_chazal,0,1.3591791039760068,0.0050432783453865
air_quality_and_pollution,missing_at_random,10,k_nearest_neighbors_imputation,distance_to_a_measure_chazal,1,0.0893804443271565,0.001280118626659
air_quality_and_pollution,missing_at_random,10,k_nearest_neighbors_imputation,distance_to_a_measure_chazal,2,0.0172261465470053,0.0007902449138428
air_quality_and_pollution,missing_at_random,10,k_nearest_neighbors_imputation,kernel_distance,0,17.988175890738756,0.0148899362450121
air_quality_and_pollution,missing_at_random,10,k_nearest_neighbors_imputation,kernel_distance,1,3.1800688723472157,0.0066324972774597
air_quality_and_pollution,missing_at_random,10,k_nearest_neighbors_imputation,kernel_distance,2,0.901561545839472,0.0026454780671608
air_quality_and_pollution,missing_at_random,25,k_nearest_neighbors_imputation,vietoris_rips,0,44.840862803279705,0.0139800357185573
air_quality_and_pollution,missing_at_random,25,k_nearest_neighbors_imputation,vietoris_rips,1,8.90987256973099,0.0051490980306361
air_quality_and_pollution,missing_at_random,25,k_nearest_neighbors_imputation,vietoris_rips,2,4.287152290823723,0.004480208920163
air_quality_and_pollution,missing_at_random,25,k_nearest_neighbors_imputation,distance_to_a_measure_sqrt,0,3.705781262835295,0.009464974450533
air_quality_and_pollution,missing_at_random,25,k_nearest_neighbors_imputation,distance_to_a_measure_sqrt,1,0.3444188198832427,0.002046392100956
air_quality_and_pollution,missing_at_random,25,k_nearest_neighbors_imputation,distance_to_a_measure_sqrt,2,0.0698597486787234,0.0020059000578326
air_quality_and_pollution,missing_at_random,25,k_nearest_neighbors_imputation,distance_to_a_measure_chazal,0,1.65046449168463,0.0074324839093032
air_quality_and_pollution,missing_at_random,25,k_nearest_neighbors_imputation,distance_to_a_measure_chazal,1,0.0920818017483648,0.0014995182428416
air_quality_and_pollution,missing_at_random,25,k_nearest_neighbors_imputation,distance_to_a_measure_chazal,2,0.016014141425127,0.0007902449138428
air_quality_and_pollution,missing_at_random,25,k_nearest_neighbors_imputation,kernel_distance,0,54.97077354836587,0.0242396180724516
air_quality_and_pollution,missing_at_random,25,k_nearest_neighbors_imputation,kernel_distance,1,5.405963605866236,0.0077985515438337
air_quality_and_pollution,missing_at_random,25,k_nearest_neighbors_imputation,kernel_distance,2,1.316483037948574,0.0028578065774799
boston_weather_data,missing_at_random,5,k_nearest_neighbors_imputation,vietoris_rips,0,2.9743312017589907,0.0291201901173506
boston_weather_data,missing_at_random,5,k_nearest_neighbors_imputation,vietoris_rips,1,1.6869695828235496,0.0148636281875597
boston_weather_data,missing_at_random,5,k_nearest_neighbors_imputation,vietoris_rips,2,0.7721903025314505,0.0033370275841754
boston_weather_data,missing_at_random,5,k_nearest_neighbors_imputation,distance_to_a_measure_sqrt,0,1.3025468415131451,0.0032012393021593
boston_weather_data,missing_at_random,5,k_nearest_neighbors_imputation,distance_to_a_measure_sqrt,1,0.1762200006018044,0.0019569075074129
boston_weather_data,missing_at_random,5,k_nearest_neighbors_imputation,distance_to_a_measure_sqrt,2,0.0421196476329801,0.0011085760550569
boston_weather_data,missing_at_random,5,k_nearest_neighbors_imputation,distance_to_a_measure_chazal,0,0.7721345936000898,0.0030354614581513
boston_weather_data,missing_at_random,5,k_nearest_neighbors_imputation,distance_to_a_measure_chazal,1,0.049492729726977,0.0007950958216343
boston_weather_data,missing_at_random,5,k_nearest_neighbors_imputation,distance_to_a_measure_chazal,2,0.0095403756128123,0.0007928106271348
boston_weather_data,missing_at_random,5,k_nearest_neighbors_imputation,kernel_distance,0,0.9473813291314012,0.0019150110696508
boston_weather_data,missing_at_random,5,k_nearest_neighbors_imputation,kernel_distance,1,0.3108826393951093,0.0019531561003034
boston_weather_data,missing_at_random,5,k_nearest_neighbors_imputation,kernel_distance,2,0.084188105698424,0.000557240339726
boston_weather_data,missing_at_random,10,k_nearest_neighbors_imputation,vietoris_rips,0,6.026632165602254,0.0302277862867914
boston_weather_data,missing_at_random,10,k_nearest_neighbors_imputation,vietoris_rips,1,2.2873135162726705,0.0148636281875597
boston_weather_data,missing_at_random,10,k_nearest_neighbors_imputation,vietoris_rips,2,0.9970598101997036,0.0037767105764842
boston_weather_data,missing_at_random,10,k_nearest_neighbors_imputation,distance_to_a_measure_sqrt,0,1.5783842023138093,0.0051011977377889
boston_weather_data,missing_at_random,10,k_nearest_neighbors_imputation,distance_to_a_measure_sqrt,1,0.2037252198330068,0.0021507585319496
boston_weather_data,missing_at_random,10,k_nearest_neighbors_imputation,distance_to_a_measure_sqrt,2,0.0392667048590508,0.0010280048698791
boston_weather_data,missing_at_random,10,k_nearest_neighbors_imputation,distance_to_a_measure_chazal,0,0.9334128179088288,0.0026793688557784
boston_weather_data,missing_at_random,10,k_nearest_neighbors_imputation,distance_to_a_measure_chazal,1,0.0647329165790205,0.00134895175938
boston_weather_data,missing_at_random,10,k_nearest_neighbors_imputation,distance_to_a_measure_chazal,2,0.0081711011630695,0.0007928106271348
boston_weather_data,missing_at_random,10,k_nearest_neighbors_imputation,kernel_distance,0,2.377749570557235,0.0013498412496441
boston_weather_data,missing_at_random,10,k_nearest_neighbors_imputation,kernel_distance,1,0.5026654143366261,0.0029417956022775
boston_weather_data,missing_at_random,10,k_nearest_neighbors_imputation,kernel_distance,2,0.1233271635495044,0.0008068544490273
boston_weather_data,missing_at_random,25,k_nearest_neighbors_imputation,vietoris_rips,0,21.46043169592703,0.0403753804841503
boston_weather_data,missing_at_random,25,k_nearest_neighbors_imputation,vietoris_rips,1,5.251586325915171,0.0148636281875597
boston_weather_data,missing_at_random,25,k_nearest_neighbors_imputation,vietoris_rips,2,1.7450729795095772,0.0042845805907416
boston_weather_data,missing_at_random,25,k_nearest_neighbors_imputation,distance_to_a_measure_sqrt,0,2.965662502218459,0.0056118157707482
boston_weather_data,missing_at_random,25,k_nearest_neighbors_imputation,distance_to_a_measure_sqrt,1,0.2130379786371823,0.0018470446123611
boston_weather_data,missing_at_random,25,k_nearest_neighbors_imputation,distance_to_a_measure_sqrt,2,0.0360925856146007,0.0010280048698791
boston_weather_data,missing_at_random,25,k_nearest_neighbors_imputation,distance_to_a_measure_chazal,0,1.48026779456921,0.0034554310320878
boston_weather_data,missing_at_random,25,k_nearest_neighbors_imputation,distance_to_a_measure_chazal,1,0.0629892845182033,0.0010120518981516
boston_weather_data,missing_at_random,25,k_nearest_neighbors_imputation,distance_to_a_measure_chazal,2,0.0066687582213574,0.0007928106271348
boston_weather_data,missing_at_random,25,k_nearest_neighbors_imputation,kernel_distance,0,11.400199301717567,0.0057924853450508
boston_weather_data,missing_at_random,25,k_nearest_neighbors_imputation,kernel_distance,1,1.5331213159923616,0.0023024853224369
boston_weather_data,missing_at_random,25,k_nearest_neighbors_imputation,kernel_distance,2,0.2787854376003628,0.001282657616103
cnn_stock_pred_dji,missing_at_random,5,k_nearest_neighbors_imputation,vietoris_rips,0,0.534734919239032,0.0092068115211227
cnn_stock_pred_dji,missing_at_random,5,k_nearest_neighbors_imputation,vietoris_rips,1,0.250334878489262,0.0053028356240807
cnn_stock_pred_dji,missing_at_random,5,k_nearest_neighbors_imputation,vietoris_rips,2,0.1031794905083474,0.0039846891563927
cnn_stock_pred_dji,missing_at_random,5,k_nearest_neighbors_imputation,distance_to_a_measure_sqrt,0,0.3792321564917279,0.0030769839293962
cnn_stock_pred_dji,missing_at_random,5,k_nearest_neighbors_imputation,distance_to_a_measure_sqrt,1,0.0007874594922052,0.0002364980714797
cnn_stock_pred_dji,missing_at_random,5,k_nearest_neighbors_imputation,distance_to_a_measure_sqrt,2,0.0,0.0
cnn_stock_pred_dji,missing_at_random,5,k_nearest_neighbors_imputation,distance_to_a_measure_chazal,0,0.3561463376941068,0.0027084727591577
cnn_stock_pred_dji,missing_at_random,5,k_nearest_neighbors_imputation,distance_to_a_measure_chazal,1,3.118537500168984e-06,3.118531270995817e-06
cnn_stock_pred_dji,missing_at_random,5,k_nearest_neighbors_imputation,distance_to_a_measure_chazal,2,0.0,0.0
cnn_stock_pred_dji,missing_at_random,5,k_nearest_neighbors_imputation,kernel_distance,0,0.3846918449405586,0.0064588769381374
cnn_stock_pred_dji,missing_at_random,5,k_nearest_neighbors_imputation,kernel_distance,1,0.0605699729973721,0.0030494912412138
cnn_stock_pred_dji,missing_at_random,5,k_nearest_neighbors_imputation,kernel_distance,2,0.0063407090358764,0.0010613141548069
cnn_stock_pred_dji,missing_at_random,10,k_nearest_neighbors_imputation,vietoris_rips,0,1.3719620366959502,0.0092068115211227
cnn_stock_pred_dji,missing_at_random,10,k_nearest_neighbors_imputation,vietoris_rips,1,0.5037960601411302,0.0108728443272342
cnn_stock_pred_dji,missing_at_random,10,k_nearest_neighbors_imputation,vietoris_rips,2,0.2292581973129094,0.0058867522542933
cnn_stock_pred_dji,missing_at_random,10,k_nearest_neighbors_imputation,distance_to_a_measure_sqrt,0,0.684019181236505,0.0056014775187064
cnn_stock_pred_dji,missing_at_random,10,k_nearest_neighbors_imputation,distance_to_a_measure_sqrt,1,0.0023659228019839,0.0008983638083255
cnn_stock_pred_dji,missing_at_random,10,k_nearest_neighbors_imputation,distance_to_a_measure_sqrt,2,0.0,0.0
cnn_stock_pred_dji,missing_at_random,10,k_nearest_neighbors_imputation,distance_to_a_measure_chazal,0,0.6485609552914731,0.0064731353592384
cnn_stock_pred_dji,missing_at_random,10,k_nearest_neighbors_imputation,distance_to_a_measure_chazal,1,0.0020048695461313,0.0006627871210849
cnn_stock_pred_dji,missing_at_random,10,k_nearest_neighbors_imputation,distance_to_a_measure_chazal,2,0.0,0.0
cnn_stock_pred_dji,missing_at_random,10,k_nearest_neighbors_imputation,kernel_distance,0,0.9948144944049576,0.0098069090760893
cnn_stock_pred_dji,missing_at_random,10,k_nearest_neighbors_imputation,kernel_distance,1,0.0849788917617154,0.0031891128475168
cnn_stock_pred_dji,missing_at_random,10,k_nearest_neighbors_imputation,kernel_distance,2,0.0070313024047809,0.0011151619760149
cnn_stock_pred_dji,missing_at_random,25,k_nearest_neighbors_imputation,vietoris_rips,0,5.408857049161328,0.0315052669309491
cnn_stock_pred_dji,missing_at_random,25,k_nearest_neighbors_imputation,vietoris_rips,1,1.188527985553297,0.0098950288472086
cnn_stock_pred_dji,missing_at_random,25,k_nearest_neighbors_imputation,vietoris_rips,2,0.3727948387828875,0.0076550445358096
cnn_stock_pred_dji,missing_at_random,25,k_nearest_neighbors_imputation,distance_to_a_measure_sqrt,0,1.3078161022456714,0.017278534360166
cnn_stock_pred_dji,missing_at_random,25,k_nearest_neighbors_imputation,distance_to_a_measure_sqrt,1,0.0022638062246845,0.0006725679691621
cnn_stock_pred_dji,missing_at_random,25,k_nearest_neighbors_imputation,distance_to_a_measure_sqrt,2,0.0,0.0
cnn_stock_pred_dji,missing_at_random,25,k_nearest_neighbors_imputation,distance_to_a_measure_chazal,0,1.2681060540382008,0.0150945418602238
cnn_stock_pred_dji,missing_at_random,25,k_nearest_neighbors_imputation,distance_to_a_measure_chazal,1,0.0005881682873575,0.000289116199107
cnn_stock_pred_dji,missing_at_random,25,k_nearest_neighbors_imputation,distance_to_a_measure_chazal,2,0.0,0.0
cnn_stock_pred_dji,missing_at_random,25,k_nearest_neighbors_imputation,kernel_distance,0,2.8180472931334193,0.0223201362897309
cnn_stock_pred_dji,missing_at_random,25,k_nearest_neighbors_imputation,kernel_distance,1,0.1269426359550655,0.00385481827599
cnn_stock_pred_dji,missing_at_random,25,k_nearest_neighbors_imputation,kernel_distance,2,0.0071455997780877,0.0011151619760149
concrete_data,missing_at_random,5,k_nearest_neighbors_imputation,vietoris_rips,0,1.4996439498659817,0.0162429869716447
concrete_data,missing_at_random,5,k_nearest_neighbors_imputation,vietoris_rips,1,1.2181290673221004,0.0224595838821628
concrete_data,missing_at_random,5,k_nearest_neighbors_imputation,vietoris_rips,2,0.4063143803496909,0.0160807609023369
concrete_data,missing_at_random,5,k_nearest_neighbors_imputation,distance_to_a_measure_sqrt,0,0.9306910016359532,0.0185827501918191
concrete_data,missing_at_random,5,k_nearest_neighbors_imputation,distance_to_a_measure_sqrt,1,0.1893455434268007,0.0112876868342235
concrete_data,missing_at_random,5,k_nearest_neighbors_imputation,distance_to_a_measure_sqrt,2,0.0290116845341077,0.0055559390023104
concrete_data,missing_at_random,5,k_nearest_neighbors_imputation,distance_to_a_measure_chazal,0,0.8150366366974582,0.020167720248467
concrete_data,missing_at_random,5,k_nearest_neighbors_imputation,distance_to_a_measure_chazal,1,0.1466423584543593,0.0128068790404078
concrete_data,missing_at_random,5,k_nearest_neighbors_imputation,distance_to_a_measure_chazal,2,0.0251655014190584,0.0028770198039656
concrete_data,missing_at_random,5,k_nearest_neighbors_imputation,kernel_distance,0,1.596464417354693,0.0053033303429953
concrete_data,missing_at_random,5,k_nearest_neighbors_imputation,kernel_distance,1,0.3301448520161893,0.00592877751182
concrete_data,missing_at_random,5,k_nearest_neighbors_imputation,kernel_distance,2,0.0347129720957704,0.0023612879419622
concrete_data,missing_at_random,10,k_nearest_neighbors_imputation,vietoris_rips,0,1.9879409202019571,0.0115252848322917
concrete_data,missing_at_random,10,k_nearest_neighbors_imputation,vietoris_rips,1,1.5276698304231038,0.0229351103016601
concrete_data,missing_at_random,10,k_nearest_neighbors_imputation,vietoris_rips,2,0.4438155880504839,0.0093107166633494
concrete_data,missing_at_random,10,k_nearest_neighbors_imputation,distance_to_a_measure_sqrt,0,1.23394603268693,0.0322483169410497
concrete_data,missing_at_random,10,k_nearest_neighbors_imputation,distance_to_a_measure_sqrt,1,0.2620515606278846,0.0104400211046496
concrete_data,missing_at_random,10,k_nearest_neighbors_imputation,distance_to_a_measure_sqrt,2,0.0365341607817344,0.0044855915292405
concrete_data,missing_at_random,10,k_nearest_neighbors_imputation,distance_to_a_measure_chazal,0,1.02658342060839,0.0292764066283691
concrete_data,missing_at_random,10,k_nearest_neighbors_imputation,distance_to_a_measure_chazal,1,0.1832684684927816,0.0104993675004123
concrete_data,missing_at_random,10,k_nearest_neighbors_imputation,distance_to_a_measure_chazal,2,0.028896507933189,0.0035228086609383
concrete_data,missing_at_random,10,k_nearest_neighbors_imputation,kernel_distance,0,2.033597579176477,0.0069106570802501
concrete_data,missing_at_random,10,k_nearest_neighbors_imputation,kernel_distance,1,0.42053465795273,0.007684998325817
concrete_data,missing_at_random,10,k_nearest_neighbors_imputation,kernel_distance,2,0.0399940510729983,0.0039420628020116
concrete_data,missing_at_random,25,k_nearest_neighbors_imputation,vietoris_rips,0,3.770339528087028,0.0165733277265829
concrete_data,missing_at_random,25,k_nearest_neighbors_imputation,vietoris_rips,1,1.998627880745532,0.0289759809884157
concrete_data,missing_at_random,25,k_nearest_neighbors_imputation,vietoris_rips,2,0.5492313739508624,0.0101014905706978
concrete_data,missing_at_random,25,k_nearest_neighbors_imputation,distance_to_a_measure_sqrt,0,1.3513525683725096,0.0385394007177546
concrete_data,missing_at_random,25,k_nearest_neighbors_imputation,distance_to_a_measure_sqrt,1,0.2297902801134318,0.0102140233267115
concrete_data,missing_at_random,25,k_nearest_neighbors_imputation,distance_to_a_measure_sqrt,2,0.0339550351896874,0.0051202167969525
concrete_data,missing_at_random,25,k_nearest_neighbors_imputation,distance_to_a_measure_chazal,0,1.132840145731069,0.0362574497848822
concrete_data,missing_at_random,25,k_nearest_neighbors_imputation,distance_to_a_measure_chazal,1,0.1483169131568635,0.0096714681683134
concrete_data,missing_at_random,25,k_nearest_neighbors_imputation,distance_to_a_measure_chazal,2,0.0212704869433272,0.0025550694422244
concrete_data,missing_at_random,25,k_nearest_neighbors_imputation,kernel_distance,0,3.1569805962761093,0.0096188010447723
concrete_data,missing_at_random,25,k_nearest_neighbors_imputation,kernel_distance,1,0.4894377386115928,0.0080481158980609
concrete_data,missing_at_random,25,k_nearest_neighbors_imputation,kernel_distance,2,0.0380313049098318,0.0019501173723936
debutanizer,missing_at_random,5,k_nearest_neighbors_imputation,vietoris_rips,0,1.3220045596431331,0.0219940802429647
debutanizer,missing_at_random,5,k_nearest_neighbors_imputation,vietoris_rips,1,0.5191520283022719,0.0171755350106704
debutanizer,missing_at_random,5,k_nearest_neighbors_imputation,vietoris_rips,2,0.1657726931832934,0.0054855327491205
debutanizer,missing_at_random,5,k_nearest_neighbors_imputation,distance_to_a_measure_sqrt,0,0.3246806458134315,0.0053890930538265
debutanizer,missing_at_random,5,k_nearest_neighbors_imputation,distance_to_a_measure_sqrt,1,0.0546436046893901,0.0014060691874371
debutanizer,missing_at_random,5,k_nearest_neighbors_imputation,distance_to_a_measure_sqrt,2,0.0090761604185936,0.0006964372985137
debutanizer,missing_at_random,5,k_nearest_neighbors_imputation,distance_to_a_measure_chazal,0,0.1934556623588499,0.0024165597610714
debutanizer,missing_at_random,5,k_nearest_neighbors_imputation,distance_to_a_measure_chazal,1,0.024608402467352,0.0009485725128951
debutanizer,missing_at_random,5,k_nearest_neighbors_imputation,distance_to_a_measure_chazal,2,0.0027854887575407,0.0004124847900272
debutanizer,missing_at_random,5,k_nearest_neighbors_imputation,kernel_distance,0,1.826477145447812,0.0013900050812928
debutanizer,missing_at_random,5,k_nearest_neighbors_imputation,kernel_distance,1,0.3238029634080739,0.0029310742962323
debutanizer,missing_at_random,5,k_nearest_neighbors_imputation,kernel_distance,2,0.0722959879132533,0.0011803814510343
debutanizer,missing_at_random,10,k_nearest_neighbors_imputation,vietoris_rips,0,3.0537550310725594,0.0209517529428387
debutanizer,missing_at_random,10,k_nearest_neighbors_imputation,vietoris_rips,1,0.8145736718403562,0.0092688596960039
debutanizer,missing_at_random,10,k_nearest_neighbors_imputation,vietoris_rips,2,0.2331173913135036,0.003576258675445
debutanizer,missing_at_random,10,k_nearest_neighbors_imputation,distance_to_a_measure_sqrt,0,0.4352624034699367,0.00627748346584
debutanizer,missing_at_random,10,k_nearest_neighbors_imputation,distance_to_a_measure_sqrt,1,0.07537071528079,0.0024220137842059
debutanizer,missing_at_random,10,k_nearest_neighbors_imputation,distance_to_a_measure_sqrt,2,0.0133818424806568,0.0009731544817731
debutanizer,missing_at_random,10,k_nearest_neighbors_imputation,distance_to_a_measure_chazal,0,0.252239395843446,0.00821499603578
debutanizer,missing_at_random,10,k_nearest_neighbors_imputation,distance_to_a_measure_chazal,1,0.0310380386183391,0.0016961105103493
debutanizer,missing_at_random,10,k_nearest_neighbors_imputation,distance_to_a_measure_chazal,2,0.0051773373666409,0.0009021291092441
debutanizer,missing_at_random,10,k_nearest_neighbors_imputation,kernel_distance,0,4.721605783841751,0.0027091726364591
debutanizer,missing_at_random,10,k_nearest_neighbors_imputation,kernel_distance,1,0.5454455747179862,0.0025443600893886
debutanizer,missing_at_random,10,k_nearest_neighbors_imputation,kernel_distance,2,0.104876278246891,0.0015366224371701
debutanizer,missing_at_random,25,k_nearest_neighbors_imputation,vietoris_rips,0,9.916628471717878,0.0640744597102453
debutanizer,missing_at_random,25,k_nearest_neighbors_imputation,vietoris_rips,1,2.0257256761997047,0.010797540764572
debutanizer,missing_at_random,25,k_nearest_neighbors_imputation,vietoris_rips,2,0.3877074336762206,0.0044748057481175
debutanizer,missing_at_random,25,k_nearest_neighbors_imputation,distance_to_a_measure_sqrt,0,0.7437139850192594,0.0270111175868041
debutanizer,missing_at_random,25,k_nearest_neighbors_imputation,distance_to_a_measure_sqrt,1,0.1099627359539299,0.0039754646680545
debutanizer,missing_at_random,25,k_nearest_neighbors_imputation,distance_to_a_measure_sqrt,2,0.0152450853987689,0.0016354166899574
debutanizer,missing_at_random,25,k_nearest_neighbors_imputation,distance_to_a_measure_chazal,0,0.4316757603514823,0.0228972522236158
debutanizer,missing_at_random,25,k_nearest_neighbors_imputation,distance_to_a_measure_chazal,1,0.0483207710949417,0.0027574426844378
debutanizer,missing_at_random,25,k_nearest_neighbors_imputation,distance_to_a_measure_chazal,2,0.0051652891139593,0.0010893860626816
debutanizer,missing_at_random,25,k_nearest_neighbors_imputation,kernel_distance,0,16.31219475644111,0.008663466366809
debutanizer,missing_at_random,25,k_nearest_neighbors_imputation,kernel_distance,1,1.7254040338977097,0.0043366285254281
debutanizer,missing_at_random,25,k_nearest_neighbors_imputation,kernel_distance,2,0.1973654632422072,0.0037650588842408
diabetes,missing_at_random,5,k_nearest_neighbors_imputation,vietoris_rips,0,1.8198195061614773,0.0185850989808475
diabetes,missing_at_random,5,k_nearest_neighbors_imputation,vietoris_rips,1,0.8398885244694861,0.0159649333723943
diabetes,missing_at_random,5,k_nearest_neighbors_imputation,vietoris_rips,2,0.3802835660561569,0.0066140343438714
diabetes,missing_at_random,5,k_nearest_neighbors_imputation,distance_to_a_measure_sqrt,0,0.8915362546768221,0.0244108386783551
diabetes,missing_at_random,5,k_nearest_neighbors_imputation,distance_to_a_measure_sqrt,1,0.0780124822377793,0.0034749892698192
diabetes,missing_at_random,5,k_nearest_neighbors_imputation,distance_to_a_measure_sqrt,2,0.0085737738371831,0.0015399573394846
diabetes,missing_at_random,5,k_nearest_neighbors_imputation,distance_to_a_measure_chazal,0,0.7653800579139637,0.0114754742309129
diabetes,missing_at_random,5,k_nearest_neighbors_imputation,distance_to_a_measure_chazal,1,0.0490414695628081,0.0026583592756633
diabetes,missing_at_random,5,k_nearest_neighbors_imputation,distance_to_a_measure_chazal,2,0.0041743588977249,0.0006616201222
diabetes,missing_at_random,5,k_nearest_neighbors_imputation,kernel_distance,0,0.7160809705142824,0.0177374470028401
diabetes,missing_at_random,5,k_nearest_neighbors_imputation,kernel_distance,1,0.1434149212051873,0.0020126393537916
diabetes,missing_at_random,5,k_nearest_neighbors_imputation,kernel_distance,2,0.0311892280858898,0.0018032476732844
diabetes,missing_at_random,10,k_nearest_neighbors_imputation,vietoris_rips,0,3.322848839882996,0.0172319714354002
diabetes,missing_at_random,10,k_nearest_neighbors_imputation,vietoris_rips,1,1.2042889335526232,0.0191443682739229
diabetes,missing_at_random,10,k_nearest_neighbors_imputation,vietoris_rips,2,0.4583142142980265,0.0066492509938315
diabetes,missing_at_random,10,k_nearest_neighbors_imputation,distance_to_a_measure_sqrt,0,1.0562426639641649,0.0231687880388243
diabetes,missing_at_random,10,k_nearest_neighbors_imputation,distance_to_a_measure_sqrt,1,0.0993380214011358,0.0038875160142525
diabetes,missing_at_random,10,k_nearest_neighbors_imputation,distance_to_a_measure_sqrt,2,0.0124356024453542,0.0015399573394846
diabetes,missing_at_random,10,k_nearest_neighbors_imputation,distance_to_a_measure_chazal,0,0.8982960864180857,0.0130424004184685
diabetes,missing_at_random,10,k_nearest_neighbors_imputation,distance_to_a_measure_chazal,1,0.0713414281819679,0.0026583592756633
diabetes,missing_at_random,10,k_nearest_neighbors_imputation,distance_to_a_measure_chazal,2,0.0066689830953511,0.0010526635388722
diabetes,missing_at_random,10,k_nearest_neighbors_imputation,kernel_distance,0,1.9735901068021513,0.0295105985569679
diabetes,missing_at_random,10,k_nearest_neighbors_imputation,kernel_distance,1,0.2076218900814257,0.003884024119429
diabetes,missing_at_random,10,k_nearest_neighbors_imputation,kernel_distance,2,0.0427414946551627,0.0015790977957873
diabetes,missing_at_random,25,k_nearest_neighbors_imputation,vietoris_rips,0,12.970152850831568,0.0367482423691849
diabetes,missing_at_random,25,k_nearest_neighbors_imputation,vietoris_rips,1,2.4324191668223434,0.014946022376638
diabetes,missing_at_random,25,k_nearest_neighbors_imputation,vietoris_rips,2,0.6448259010856066,0.0124854248927824
diabetes,missing_at_random,25,k_nearest_neighbors_imputation,distance_to_a_measure_sqrt,0,1.6542835840010623,0.032383037095218
diabetes,missing_at_random,25,k_nearest_neighbors_imputation,distance_to_a_measure_sqrt,1,0.1160525810798295,0.0042071305383503
diabetes,missing_at_random,25,k_nearest_neighbors_imputation,distance_to_a_measure_sqrt,2,0.0091659401236355,0.0015399573394846
diabetes,missing_at_random,25,k_nearest_neighbors_imputation,distance_to_a_measure_chazal,0,1.3095449601118934,0.0134020241022632
diabetes,missing_at_random,25,k_nearest_neighbors_imputation,distance_to_a_measure_chazal,1,0.0793516607498758,0.0044439254186255
diabetes,missing_at_random,25,k_nearest_neighbors_imputation,distance_to_a_measure_chazal,2,0.0027225859248836,0.0006407614800258
diabetes,missing_at_random,25,k_nearest_neighbors_imputation,kernel_distance,0,9.783256031011812,0.0332959906786566
diabetes,missing_at_random,25,k_nearest_neighbors_imputation,kernel_distance,1,0.6640903889879061,0.0084511663298878
diabetes,missing_at_random,25,k_nearest_neighbors_imputation,kernel_distance,2,0.0681194561307959,0.0024128676007333
football_player_position,missing_at_random,5,k_nearest_neighbors_imputation,vietoris_rips,0,3.971102564042983,0.0095903905128504
football_player_position,missing_at_random,5,k_nearest_neighbors_imputation,vietoris_rips,1,1.2421265240018176,0.0086515100842443
football_player_position,missing_at_random,5,k_nearest_neighbors_imputation,vietoris_rips,2,0.6148918539701504,0.003690574522958
football_player_position,missing_at_random,5,k_nearest_neighbors_imputation,distance_to_a_measure_sqrt,0,0.962802634542058,0.0055722439106611
football_player_position,missing_at_random,5,k_nearest_neighbors_imputation,distance_to_a_measure_sqrt,1,0.1218081221695991,0.0012621141276214
football_player_position,missing_at_random,5,k_nearest_neighbors_imputation,distance_to_a_measure_sqrt,2,0.0323945098093801,0.0009641795222253
football_player_position,missing_at_random,5,k_nearest_neighbors_imputation,distance_to_a_measure_chazal,0,0.67276652181576,0.0042645790064919
football_player_position,missing_at_random,5,k_nearest_neighbors_imputation,distance_to_a_measure_chazal,1,0.0760670010420353,0.0014350156402751
football_player_position,missing_at_random,5,k_nearest_neighbors_imputation,distance_to_a_measure_chazal,2,0.0203040755556111,0.000785915966608
football_player_position,missing_at_random,5,k_nearest_neighbors_imputation,kernel_distance,0,2.182674022706057,0.0101163138673305
football_player_position,missing_at_random,5,k_nearest_neighbors_imputation,kernel_distance,1,0.2542969766347639,0.0016473658359554
football_player_position,missing_at_random,5,k_nearest_neighbors_imputation,kernel_distance,2,0.0572592851650938,0.0006639139791443
football_player_position,missing_at_random,10,k_nearest_neighbors_imputation,vietoris_rips,0,9.960851826557546,0.0151777633612618
football_player_position,missing_at_random,10,k_nearest_neighbors_imputation,vietoris_rips,1,2.2793907841866625,0.0092783905154159
football_player_position,missing_at_random,10,k_nearest_neighbors_imputation,vietoris_rips,2,0.917233107247156,0.0051874796607784
football_player_position,missing_at_random,10,k_nearest_neighbors_imputation,distance_to_a_measure_sqrt,0,1.3596635993809596,0.0084632802190193
football_player_position,missing_at_random,10,k_nearest_neighbors_imputation,distance_to_a_measure_sqrt,1,0.1761093304846998,0.001955581383232
football_player_position,missing_at_random,10,k_nearest_neighbors_imputation,distance_to_a_measure_sqrt,2,0.0462851166994286,0.00131300035849
football_player_position,missing_at_random,10,k_nearest_neighbors_imputation,distance_to_a_measure_chazal,0,0.9369666474759486,0.0089086488487122
football_player_position,missing_at_random,10,k_nearest_neighbors_imputation,distance_to_a_measure_chazal,1,0.0982575013314433,0.0016087901467006
football_player_position,missing_at_random,10,k_nearest_neighbors_imputation,distance_to_a_measure_chazal,2,0.0256989145397718,0.0007393592530743
football_player_position,missing_at_random,10,k_nearest_neighbors_imputation,kernel_distance,0,6.229885573695818,0.0129996173120759
football_player_position,missing_at_random,10,k_nearest_neighbors_imputation,kernel_distance,1,0.4996405167903986,0.0050598763325659
football_player_position,missing_at_random,10,k_nearest_neighbors_imputation,kernel_distance,2,0.095672828160359,0.0012250562067262
football_player_position,missing_at_random,25,k_nearest_neighbors_imputation,vietoris_rips,0,30.443260884238285,0.0817719883058122
football_player_position,missing_at_random,25,k_nearest_neighbors_imputation,vietoris_rips,1,6.109834772525296,0.0118893154719315
football_player_position,missing_at_random,25,k_nearest_neighbors_imputation,vietoris_rips,2,2.233315760654208,0.004144088140227
football_player_position,missing_at_random,25,k_nearest_neighbors_imputation,distance_to_a_measure_sqrt,0,2.86733497618412,0.0089211809623495
football_player_position,missing_at_random,25,k_nearest_neighbors_imputation,distance_to_a_measure_sqrt,1,0.2237286826424588,0.001955581383232
football_player_position,missing_at_random,25,k_nearest_neighbors_imputation,distance_to_a_measure_sqrt,2,0.0477254416516196,0.0014339122115991
football_player_position,missing_at_random,25,k_nearest_neighbors_imputation,distance_to_a_measure_chazal,0,1.7761872852357232,0.009812990630328
football_player_position,missing_at_random,25,k_nearest_neighbors_imputation,distance_to_a_measure_chazal,1,0.1045396489984902,0.0020899072066311
football_player_position,missing_at_random,25,k_nearest_neighbors_imputation,distance_to_a_measure_chazal,2,0.0232383267753133,0.0009564156385293
football_player_position,missing_at_random,25,k_nearest_neighbors_imputation,kernel_distance,0,21.816248490545508,0.017489903983672
football_player_position,missing_at_random,25,k_nearest_neighbors_imputation,kernel_distance,1,1.898638134534551,0.0053682791082023
football_player_position,missing_at_random,25,k_nearest_neighbors_imputation,kernel_distance,2,0.3035735062947444,0.0018062152508921
gender_recognition_by_voice,missing_at_random,5,k_nearest_neighbors_imputation,vietoris_rips,0,2.1860129990404453,0.0086395310942064
gender_recognition_by_voice,missing_at_random,5,k_nearest_neighbors_imputation,vietoris_rips,1,1.7740771511316695,0.0135393051425799
gender_recognition_by_voice,missing_at_random,5,k_nearest_neighbors_imputation,vietoris_rips,2,0.8543788276850466,0.0057795209792627
gender_recognition_by_voice,missing_at_random,5,k_nearest_neighbors_imputation,distance_to_a_measure_sqrt,0,1.5858669466417974,0.0366587261551223
gender_recognition_by_voice,missing_at_random,5,k_nearest_neighbors_imputation,distance_to_a_measure_sqrt,1,0.2168876376472569,0.007266915908505
gender_recognition_by_voice,missing_at_random,5,k_nearest_neighbors_imputation,distance_to_a_measure_sqrt,2,0.0533871556243378,0.0031485503698207
gender_recognition_by_voice,missing_at_random,5,k_nearest_neighbors_imputation,distance_to_a_measure_chazal,0,1.0733035312654524,0.0070576480835592
gender_recognition_by_voice,missing_at_random,5,k_nearest_neighbors_imputation,distance_to_a_measure_chazal,1,0.0745809126095957,0.0020852004191157
gender_recognition_by_voice,missing_at_random,5,k_nearest_neighbors_imputation,distance_to_a_measure_chazal,2,0.0070103060535869,0.0011086626312528
gender_recognition_by_voice,missing_at_random,5,k_nearest_neighbors_imputation,kernel_distance,0,1.09302061770085,0.0053629507359386
gender_recognition_by_voice,missing_at_random,5,k_nearest_neighbors_imputation,kernel_distance,1,0.2750481665192226,0.003163360559467
gender_recognition_by_voice,missing_at_random,5,k_nearest_neighbors_imputation,kernel_distance,2,0.0617771568971584,0.0009149633024243
gender_recognition_by_voice,missing_at_random,10,k_nearest_neighbors_imputation,vietoris_rips,0,6.8174432151843884,0.0168280029287401
gender_recognition_by_voice,missing_at_random,10,k_nearest_neighbors_imputation,vietoris_rips,1,2.7557549133026886,0.0120551910494975
gender_recognition_by_voice,missing_at_random,10,k_nearest_neighbors_imputation,vietoris_rips,2,1.1616619901913472,0.0049255007560725
gender_recognition_by_voice,missing_at_random,10,k_nearest_neighbors_imputation,distance_to_a_measure_sqrt,0,1.9086719714270808,0.0404022221161262
gender_recognition_by_voice,missing_at_random,10,k_nearest_neighbors_imputation,distance_to_a_measure_sqrt,1,0.2527066162198932,0.007266915908505
gender_recognition_by_voice,missing_at_random,10,k_nearest_neighbors_imputation,distance_to_a_measure_sqrt,2,0.049429601009587,0.0031485503698207
gender_recognition_by_voice,missing_at_random,10,k_nearest_neighbors_imputation,distance_to_a_measure_chazal,0,1.1912734886588037,0.0110587701564543
gender_recognition_by_voice,missing_at_random,10,k_nearest_neighbors_imputation,distance_to_a_measure_chazal,1,0.1071652558703994,0.0023467882954264
gender_recognition_by_voice,missing_at_random,10,k_nearest_neighbors_imputation,distance_to_a_measure_chazal,2,0.015238915132892,0.00225122310932
gender_recognition_by_voice,missing_at_random,10,k_nearest_neighbors_imputation,kernel_distance,0,3.40528915304527,0.005756367870872
gender_recognition_by_voice,missing_at_random,10,k_nearest_neighbors_imputation,kernel_distance,1,0.4765813840010025,0.0031868046099322
gender_recognition_by_voice,missing_at_random,10,k_nearest_neighbors_imputation,kernel_distance,2,0.0862431567743605,0.0009995964948356
gender_recognition_by_voice,missing_at_random,25,k_nearest_neighbors_imputation,vietoris_rips,0,27.611002364678775,0.0240570716065252
gender_recognition_by_voice,missing_at_random,25,k_nearest_neighbors_imputation,vietoris_rips,1,5.726752768036088,0.0168950991233383
gender_recognition_by_voice,missing_at_random,25,k_nearest_neighbors_imputation,vietoris_rips,2,1.822374979984993,0.0091957256771614
gender_recognition_by_voice,missing_at_random,25,k_nearest_neighbors_imputation,distance_to_a_measure_sqrt,0,3.4424839974209833,0.0332492316957091
gender_recognition_by_voice,missing_at_random,25,k_nearest_neighbors_imputation,distance_to_a_measure_sqrt,1,0.2995915327085774,0.007266915908505
gender_recognition_by_voice,missing_at_random,25,k_nearest_neighbors_imputation,distance_to_a_measure_sqrt,2,0.0547691355865002,0.0031485503698207
gender_recognition_by_voice,missing_at_random,25,k_nearest_neighbors_imputation,distance_to_a_measure_chazal,0,2.0046579403154285,0.0202442076266388
gender_recognition_by_voice,missing_at_random,25,k_nearest_neighbors_imputation,distance_to_a_measure_chazal,1,0.10853696246123,0.0032610211475359
gender_recognition_by_voice,missing_at_random,25,k_nearest_neighbors_imputation,distance_to_a_measure_chazal,2,0.0070274981396342,0.0007036031706445
gender_recognition_by_voice,missing_at_random,25,k_nearest_neighbors_imputation,kernel_distance,0,15.319270957545466,0.009164698561987
gender_recognition_by_voice,missing_at_random,25,k_nearest_neighbors_imputation,kernel_distance,1,1.0560428896035108,0.0049146709016164
gender_recognition_by_voice,missing_at_random,25,k_nearest_neighbors_imputation,kernel_distance,2,0.1650768139995452,0.0015437819793941
hungarian_chickenpox,missing_at_random,5,k_nearest_neighbors_imputation,vietoris_rips,0,0.534734919239032,0.0092068115211227
hungarian_chickenpox,missing_at_random,5,k_nearest_neighbors_imputation,vietoris_rips,1,0.250334878489262,0.0053028356240807
hungarian_chickenpox,missing_at_random,5,k_nearest_neighbors_imputation,vietoris_rips,2,0.1031794905083474,0.0039846891563927
hungarian_chickenpox,missing_at_random,5,k_nearest_neighbors_imputation,distance_to_a_measure_sqrt,0,0.3792321564917279,0.0030769839293962
hungarian_chickenpox,missing_at_random,5,k_nearest_neighbors_imputation,distance_to_a_measure_sqrt,1,0.0007874594922052,0.0002364980714797
hungarian_chickenpox,missing_at_random,5,k_nearest_neighbors_imputation,distance_to_a_measure_sqrt,2,0.0,0.0
hungarian_chickenpox,missing_at_random,5,k_nearest_neighbors_imputation,distance_to_a_measure_chazal,0,0.3561463376941068,0.0027084727591577
hungarian_chickenpox,missing_at_random,5,k_nearest_neighbors_imputation,distance_to_a_measure_chazal,1,3.118537500168984e-06,3.118531270995817e-06
hungarian_chickenpox,missing_at_random,5,k_nearest_neighbors_imputation,distance_to_a_measure_chazal,2,0.0,0.0
hungarian_chickenpox,missing_at_random,5,k_nearest_neighbors_imputation,kernel_distance,0,0.3846918449405586,0.0064588769381374
hungarian_chickenpox,missing_at_random,5,k_nearest_neighbors_imputation,kernel_distance,1,0.0605699729973721,0.0030494912412138
hungarian_chickenpox,missing_at_random,5,k_nearest_neighbors_imputation,kernel_distance,2,0.0063407090358764,0.0010613141548069
hungarian_chickenpox,missing_at_random,10,k_nearest_neighbors_imputation,vietoris_rips,0,1.3719620366959502,0.0092068115211227
hungarian_chickenpox,missing_at_random,10,k_nearest_neighbors_imputation,vietoris_rips,1,0.5037960601411302,0.0108728443272342
hungarian_chickenpox,missing_at_random,10,k_nearest_neighbors_imputation,vietoris_rips,2,0.2292581973129094,0.0058867522542933
hungarian_chickenpox,missing_at_random,10,k_nearest_neighbors_imputation,distance_to_a_measure_sqrt,0,0.684019181236505,0.0056014775187064
hungarian_chickenpox,missing_at_random,10,k_nearest_neighbors_imputation,distance_to_a_measure_sqrt,1,0.0023659228019839,0.0008983638083255
hungarian_chickenpox,missing_at_random,10,k_nearest_neighbors_imputation,distance_to_a_measure_sqrt,2,0.0,0.0
hungarian_chickenpox,missing_at_random,10,k_nearest_neighbors_imputation,distance_to_a_measure_chazal,0,0.6485609552914731,0.0064731353592384
hungarian_chickenpox,missing_at_random,10,k_nearest_neighbors_imputation,distance_to_a_measure_chazal,1,0.0020048695461313,0.0006627871210849
hungarian_chickenpox,missing_at_random,10,k_nearest_neighbors_imputation,distance_to_a_measure_chazal,2,0.0,0.0
hungarian_chickenpox,missing_at_random,10,k_nearest_neighbors_imputation,kernel_distance,0,0.9948144944049576,0.0098069090760893
hungarian_chickenpox,missing_at_random,10,k_nearest_neighbors_imputation,kernel_distance,1,0.0849788917617154,0.0031891128475168
hungarian_chickenpox,missing_at_random,10,k_nearest_neighbors_imputation,kernel_distance,2,0.0070313024047809,0.0011151619760149
hungarian_chickenpox,missing_at_random,25,k_nearest_neighbors_imputation,vietoris_rips,0,5.408857049161328,0.0315052669309491
hungarian_chickenpox,missing_at_random,25,k_nearest_neighbors_imputation,vietoris_rips,1,1.188527985553297,0.0098950288472086
hungarian_chickenpox,missing_at_random,25,k_nearest_neighbors_imputation,vietoris_rips,2,0.3727948387828875,0.0076550445358096
hungarian_chickenpox,missing_at_random,25,k_nearest_neighbors_imputation,distance_to_a_measure_sqrt,0,1.3078161022456714,0.017278534360166
hungarian_chickenpox,missing_at_random,25,k_nearest_neighbors_imputation,distance_to_a_measure_sqrt,1,0.0022638062246845,0.0006725679691621
hungarian_chickenpox,missing_at_random,25,k_nearest_neighbors_imputation,distance_to_a_measure_sqrt,2,0.0,0.0
hungarian_chickenpox,missing_at_random,25,k_nearest_neighbors_imputation,distance_to_a_measure_chazal,0,1.2681060540382008,0.0150945418602238
hungarian_chickenpox,missing_at_random,25,k_nearest_neighbors_imputation,distance_to_a_measure_chazal,1,0.0005881682873575,0.000289116199107
hungarian_chickenpox,missing_at_random,25,k_nearest_neighbors_imputation,distance_to_a_measure_chazal,2,0.0,0.0
hungarian_chickenpox,missing_at_random,25,k_nearest_neighbors_imputation,kernel_distance,0,2.8180472931334193,0.0223201362897309
hungarian_chickenpox,missing_at_random,25,k_nearest_neighbors_imputation,kernel_distance,1,0.1269426359550655,0.00385481827599
hungarian_chickenpox,missing_at_random,25,k_nearest_neighbors_imputation,kernel_distance,2,0.0071455997780877,0.0011151619760149
indian_stock_market,missing_at_random,5,k_nearest_neighbors_imputation,vietoris_rips,0,2.265982868693671,0.020307776406403
indian_stock_market,missing_at_random,5,k_nearest_neighbors_imputation,vietoris_rips,1,0.262327033115287,0.0070845539247972
indian_stock_market,missing_at_random,5,k_nearest_neighbors_imputation,vietoris_rips,2,0.0192853176839632,0.0009399927150637
indian_stock_market,missing_at_random,5,k_nearest_neighbors_imputation,distance_to_a_measure_sqrt,0,0.1715874880424171,0.0405686596568497
indian_stock_market,missing_at_random,5,k_nearest_neighbors_imputation,distance_to_a_measure_sqrt,1,0.0184568073955061,0.0026207694764357
indian_stock_market,missing_at_random,5,k_nearest_neighbors_imputation,distance_to_a_measure_sqrt,2,0.0028648743916681,0.0006600359910637
indian_stock_market,missing_at_random,5,k_nearest_neighbors_imputation,distance_to_a_measure_chazal,0,0.0878746069076294,0.004098688034454
indian_stock_market,missing_at_random,5,k_nearest_neighbors_imputation,distance_to_a_measure_chazal,1,0.0111026387719212,0.0014754631107774
indian_stock_market,missing_at_random,5,k_nearest_neighbors_imputation,distance_to_a_measure_chazal,2,0.0003092190020305,7.355830390528423e-05
indian_stock_market,missing_at_random,5,k_nearest_neighbors_imputation,kernel_distance,0,4.466398113497377,0.0080351483696865
indian_stock_market,missing_at_random,5,k_nearest_neighbors_imputation,kernel_distance,1,0.3806401174235384,0.0050864253233959
indian_stock_market,missing_at_random,5,k_nearest_neighbors_imputation,kernel_distance,2,0.0265828446930541,0.0017749015381867
indian_stock_market,missing_at_random,10,k_nearest_neighbors_imputation,vietoris_rips,0,3.8240845164365296,0.0201802108767953
indian_stock_market,missing_at_random,10,k_nearest_neighbors_imputation,vietoris_rips,1,0.4646164755000458,0.0070845539247972
indian_stock_market,missing_at_random,10,k_nearest_neighbors_imputation,vietoris_rips,2,0.0597013892348542,0.0057130142548673
indian_stock_market,missing_at_random,10,k_nearest_neighbors_imputation,distance_to_a_measure_sqrt,0,0.2601804858182577,0.0405686596568497
indian_stock_market,missing_at_random,10,k_nearest_neighbors_imputation,distance_to_a_measure_sqrt,1,0.0362608430647001,0.0030951585197638
indian_stock_market,missing_at_random,10,k_nearest_neighbors_imputation,distance_to_a_measure_sqrt,2,0.0032487630937603,0.0006059530837682
indian_stock_market,missing_at_random,10,k_nearest_neighbors_imputation,distance_to_a_measure_chazal,0,0.1400605740178164,0.0093254943038796
indian_stock_market,missing_at_random,10,k_nearest_neighbors_imputation,distance_to_a_measure_chazal,1,0.0204571305549037,0.0029887039500823
indian_stock_market,missing_at_random,10,k_nearest_neighbors_imputation,distance_to_a_measure_chazal,2,0.0017571580167466,0.0007419360883355
indian_stock_market,missing_at_random,10,k_nearest_neighbors_imputation,kernel_distance,0,7.682827269004725,0.0082125544328463
indian_stock_market,missing_at_random,10,k_nearest_neighbors_imputation,kernel_distance,1,0.7251926647479147,0.0054363686005629
indian_stock_market,missing_at_random,10,k_nearest_neighbors_imputation,kernel_distance,2,0.0684452190654316,0.0027764528201255
indian_stock_market,missing_at_random,25,k_nearest_neighbors_imputation,vietoris_rips,0,9.614470928776017,0.0120213903750098
indian_stock_market,missing_at_random,25,k_nearest_neighbors_imputation,vietoris_rips,1,0.9366689007103532,0.0058808339829082
indian_stock_market,missing_at_random,25,k_nearest_neighbors_imputation,vietoris_rips,2,0.0792363499868376,0.002990785193891
indian_stock_market,missing_at_random,25,k_nearest_neighbors_imputation,distance_to_a_measure_sqrt,0,0.465080295305931,0.0408809702618758
indian_stock_market,missing_at_random,25,k_nearest_neighbors_imputation,distance_to_a_measure_sqrt,1,0.0583948424117819,0.0021754379603033
indian_stock_market,missing_at_random,25,k_nearest_neighbors_imputation,distance_to_a_measure_sqrt,2,0.0052116606682008,0.0006059530837682
indian_stock_market,missing_at_random,25,k_nearest_neighbors_imputation,distance_to_a_measure_chazal,0,0.2344394709603277,0.0186343050210262
indian_stock_market,missing_at_random,25,k_nearest_neighbors_imputation,distance_to_a_measure_chazal,1,0.0284637757875034,0.002707223082889
indian_stock_market,missing_at_random,25,k_nearest_neighbors_imputation,distance_to_a_measure_chazal,2,0.0007539367026042,0.0001143443757562
indian_stock_market,missing_at_random,25,k_nearest_neighbors_imputation,kernel_distance,0,19.541862961730686,0.0164570507024899
indian_stock_market,missing_at_random,25,k_nearest_neighbors_imputation,kernel_distance,1,1.4801678126886817,0.0055731967162525
indian_stock_market,missing_at_random,25,k_nearest_neighbors_imputation,kernel_distance,2,0.107200762797744,0.0027371761756024
on_and_on,missing_at_random,5,k_nearest_neighbors_imputation,vietoris_rips,0,0.5684829507923892,0.0183453642686594
on_and_on,missing_at_random,5,k_nearest_neighbors_imputation,vietoris_rips,1,0.5656595612210082,0.0137904073740378
on_and_on,missing_at_random,5,k_nearest_neighbors_imputation,vietoris_rips,2,0.1295141960272255,0.004706322778949
on_and_on,missing_at_random,5,k_nearest_neighbors_imputation,distance_to_a_measure_sqrt,0,0.6651576314206749,0.0190954050186017
on_and_on,missing_at_random,5,k_nearest_neighbors_imputation,distance_to_a_measure_sqrt,1,0.0912732730099561,0.0072278217319889
on_and_on,missing_at_random,5,k_nearest_neighbors_imputation,distance_to_a_measure_sqrt,2,0.0050354552619342,0.0012941017369327
on_and_on,missing_at_random,5,k_nearest_neighbors_imputation,distance_to_a_measure_chazal,0,0.5709879256339885,0.0128881588728297
on_and_on,missing_at_random,5,k_nearest_neighbors_imputation,distance_to_a_measure_chazal,1,0.059720349434359,0.0037126331985749
on_and_on,missing_at_random,5,k_nearest_neighbors_imputation,distance_to_a_measure_chazal,2,0.0028311678422071,0.0012733506125029
on_and_on,missing_at_random,5,k_nearest_neighbors_imputation,kernel_distance,0,0.3452600444966247,0.0109187164036877
on_and_on,missing_at_random,5,k_nearest_neighbors_imputation,kernel_distance,1,0.0820321376518178,0.0024166036759134
on_and_on,missing_at_random,5,k_nearest_neighbors_imputation,kernel_distance,2,0.0062094472167429,0.0005526498209689
on_and_on,missing_at_random,10,k_nearest_neighbors_imputation,vietoris_rips,0,2.028204941880555,0.0328376020763662
on_and_on,missing_at_random,10,k_nearest_neighbors_imputation,vietoris_rips,1,0.9028488760373946,0.0169801516435212
on_and_on,missing_at_random,10,k_nearest_neighbors_imputation,vietoris_rips,2,0.3179036607493595,0.0085260880234576
on_and_on,missing_at_random,10,k_nearest_neighbors_imputation,distance_to_a_measure_sqrt,0,1.1196979515384993,0.0237822394735286
on_and_on,missing_at_random,10,k_nearest_neighbors_imputation,distance_to_a_measure_sqrt,1,0.1707023872495358,0.0055176138266792
on_and_on,missing_at_random,10,k_nearest_neighbors_imputation,distance_to_a_measure_sqrt,2,0.0306665431231058,0.0029399068214507
on_and_on,missing_at_random,10,k_nearest_neighbors_imputation,distance_to_a_measure_chazal,0,1.0329848685210008,0.020059665080255
on_and_on,missing_at_random,10,k_nearest_neighbors_imputation,distance_to_a_measure_chazal,1,0.1132132593636545,0.0080463492529774
on_and_on,missing_at_random,10,k_nearest_neighbors_imputation,distance_to_a_measure_chazal,2,0.0199120625979867,0.0020222181223501
on_and_on,missing_at_random,10,k_nearest_neighbors_imputation,kernel_distance,0,1.2695026281277355,0.0102132654943818
on_and_on,missing_at_random,10,k_nearest_neighbors_imputation,kernel_distance,1,0.1581617661169297,0.0032006773446442
on_and_on,missing_at_random,10,k_nearest_neighbors_imputation,kernel_distance,2,0.0133275226632881,0.0005215947825744
on_and_on,missing_at_random,25,k_nearest_neighbors_imputation,vietoris_rips,0,8.943619905357606,0.0491481918668488
on_and_on,missing_at_random,25,k_nearest_neighbors_imputation,vietoris_rips,1,2.5855113133131904,0.0227596398242468
on_and_on,missing_at_random,25,k_nearest_neighbors_imputation,vietoris_rips,2,0.726040854131125,0.013349690031758
on_and_on,missing_at_random,25,k_nearest_neighbors_imputation,distance_to_a_measure_sqrt,0,2.1213736228620483,0.0197886555743234
on_and_on,missing_at_random,25,k_nearest_neighbors_imputation,distance_to_a_measure_sqrt,1,0.300060499113288,0.0099377018465545
on_and_on,missing_at_random,25,k_nearest_neighbors_imputation,distance_to_a_measure_sqrt,2,0.0757020170667141,0.0037762926687719
on_and_on,missing_at_random,25,k_nearest_neighbors_imputation,distance_to_a_measure_chazal,0,1.8663566879179552,0.0118361476168896
on_and_on,missing_at_random,25,k_nearest_neighbors_imputation,distance_to_a_measure_chazal,1,0.2437824111767353,0.0084363306781685
on_and_on,missing_at_random,25,k_nearest_neighbors_imputation,distance_to_a_measure_chazal,2,0.0400813789166651,0.0044607394457649
on_and_on,missing_at_random,25,k_nearest_neighbors_imputation,kernel_distance,0,5.9628487830754615,0.0109187164036877
on_and_on,missing_at_random,25,k_nearest_neighbors_imputation,kernel_distance,1,0.5369734084305564,0.00510257566503
on_and_on,missing_at_random,25,k_nearest_neighbors_imputation,kernel_distance,2,0.0419474069916879,0.0012235595567122
red_wine_quality,missing_at_random,5,k_nearest_neighbors_imputation,vietoris_rips,0,2.5516035623266276,0.043351288449103
red_wine_quality,missing_at_random,5,k_nearest_neighbors_imputation,vietoris_rips,1,1.0270266529900665,0.0129810746301765
red_wine_quality,missing_at_random,5,k_nearest_neighbors_imputation,vietoris_rips,2,0.326163684770807,0.0043349978180549
red_wine_quality,missing_at_random,5,k_nearest_neighbors_imputation,distance_to_a_measure_sqrt,0,0.9237160297860624,0.0076295011010777
red_wine_quality,missing_at_random,5,k_nearest_neighbors_imputation,distance_to_a_measure_sqrt,1,0.1243424391531884,0.0030165786233024
red_wine_quality,missing_at_random,5,k_nearest_neighbors_imputation,distance_to_a_measure_sqrt,2,0.0300335387895626,0.0019812802022891
red_wine_quality,missing_at_random,5,k_nearest_neighbors_imputation,distance_to_a_measure_chazal,0,0.6852819296357533,0.0051099060555798
red_wine_quality,missing_at_random,5,k_nearest_neighbors_imputation,distance_to_a_measure_chazal,1,0.0893780662917113,0.002810320515156
red_wine_quality,missing_at_random,5,k_nearest_neighbors_imputation,distance_to_a_measure_chazal,2,0.0134463456891371,0.0015059289013892
red_wine_quality,missing_at_random,5,k_nearest_neighbors_imputation,kernel_distance,0,0.9612257119359612,0.0064890460014618
red_wine_quality,missing_at_random,5,k_nearest_neighbors_imputation,kernel_distance,1,0.1838279768860661,0.0016565327104327
red_wine_quality,missing_at_random,5,k_nearest_neighbors_imputation,kernel_distance,2,0.0258550668827047,0.0007992830863529
red_wine_quality,missing_at_random,10,k_nearest_neighbors_imputation,vietoris_rips,0,6.0213808397714725,0.043351288449103
red_wine_quality,missing_at_random,10,k_nearest_neighbors_imputation,vietoris_rips,1,1.572501702526353,0.0129810746301765
red_wine_quality,missing_at_random,10,k_nearest_neighbors_imputation,vietoris_rips,2,0.4783612400028932,0.0061799394390336
red_wine_quality,missing_at_random,10,k_nearest_neighbors_imputation,distance_to_a_measure_sqrt,0,1.343299912286372,0.007854636068435
red_wine_quality,missing_at_random,10,k_nearest_neighbors_imputation,distance_to_a_measure_sqrt,1,0.1688976108353609,0.0028618192076207
red_wine_quality,missing_at_random,10,k_nearest_neighbors_imputation,distance_to_a_measure_sqrt,2,0.0311831820012114,0.0019149574910906
red_wine_quality,missing_at_random,10,k_nearest_neighbors_imputation,distance_to_a_measure_chazal,0,0.9979841474233886,0.0066305240951165
red_wine_quality,missing_at_random,10,k_nearest_neighbors_imputation,distance_to_a_measure_chazal,1,0.1171419697752065,0.0037037759423567
red_wine_quality,missing_at_random,10,k_nearest_neighbors_imputation,distance_to_a_measure_chazal,2,0.01172182680559,0.0016170512359278
red_wine_quality,missing_at_random,10,k_nearest_neighbors_imputation,kernel_distance,0,2.9050060931052446,0.0068969301133304
red_wine_quality,missing_at_random,10,k_nearest_neighbors_imputation,kernel_distance,1,0.3503177944935632,0.0058647973717944
red_wine_quality,missing_at_random,10,k_nearest_neighbors_imputation,kernel_distance,2,0.0424831755007971,0.0012315528856681
red_wine_quality,missing_at_random,25,k_nearest_neighbors_imputation,vietoris_rips,0,17.59020789332382,0.0501463668596279
red_wine_quality,missing_at_random,25,k_nearest_neighbors_imputation,vietoris_rips,1,3.1881232083585376,0.0163179946461796
red_wine_quality,missing_at_random,25,k_nearest_neighbors_imputation,vietoris_rips,2,0.6956269000871081,0.0059214632752952
red_wine_quality,missing_at_random,25,k_nearest_neighbors_imputation,distance_to_a_measure_sqrt,0,2.0588657984001264,0.0094225907709131
red_wine_quality,missing_at_random,25,k_nearest_neighbors_imputation,distance_to_a_measure_sqrt,1,0.177202518307485,0.0042420843626803
red_wine_quality,missing_at_random,25,k_nearest_neighbors_imputation,distance_to_a_measure_sqrt,2,0.0241285975890362,0.0019812802022891
red_wine_quality,missing_at_random,25,k_nearest_neighbors_imputation,distance_to_a_measure_chazal,0,1.3748889085545537,0.0054312044581555
red_wine_quality,missing_at_random,25,k_nearest_neighbors_imputation,distance_to_a_measure_chazal,1,0.094517718391007,0.0037037759423567
red_wine_quality,missing_at_random,25,k_nearest_neighbors_imputation,distance_to_a_measure_chazal,2,0.0062461072629885,0.0016170512359278
red_wine_quality,missing_at_random,25,k_nearest_neighbors_imputation,kernel_distance,0,11.44089527446854,0.0198700813119165
red_wine_quality,missing_at_random,25,k_nearest_neighbors_imputation,kernel_distance,1,0.9541882397674434,0.007197120506995
red_wine_quality,missing_at_random,25,k_nearest_neighbors_imputation,kernel_distance,2,0.104597639936599,0.0021736873587892
rmftsa_ladata,missing_at_random,5,k_nearest_neighbors_imputation,vietoris_rips,0,1.2581092951746182,0.014433287098041
rmftsa_ladata,missing_at_random,5,k_nearest_neighbors_imputation,vietoris_rips,1,0.7277519477230557,0.0163315768792638
rmftsa_ladata,missing_at_random,5,k_nearest_neighbors_imputation,vietoris_rips,2,0.2488609906875446,0.0129276248429831
rmftsa_ladata,missing_at_random,5,k_nearest_neighbors_imputation,distance_to_a_measure_sqrt,0,0.9476772180724112,0.0078935154819593
rmftsa_ladata,missing_at_random,5,k_nearest_neighbors_imputation,distance_to_a_measure_sqrt,1,0.1141431121297934,0.0058957436587893
rmftsa_ladata,missing_at_random,5,k_nearest_neighbors_imputation,distance_to_a_measure_sqrt,2,0.0200125523603202,0.0033242623901326
rmftsa_ladata,missing_at_random,5,k_nearest_neighbors_imputation,distance_to_a_measure_chazal,0,0.9146727348315528,0.0084950182917339
rmftsa_ladata,missing_at_random,5,k_nearest_neighbors_imputation,distance_to_a_measure_chazal,1,0.1052794030398811,0.0052775388272944
rmftsa_ladata,missing_at_random,5,k_nearest_neighbors_imputation,distance_to_a_measure_chazal,2,0.0126401594883979,0.0032783668346389
rmftsa_ladata,missing_at_random,5,k_nearest_neighbors_imputation,kernel_distance,0,0.6018823932128475,0.0156817107152773
rmftsa_ladata,missing_at_random,5,k_nearest_neighbors_imputation,kernel_distance,1,0.1432042158746899,0.0045070855666689
rmftsa_ladata,missing_at_random,5,k_nearest_neighbors_imputation,kernel_distance,2,0.0215930577410924,0.0012871558056298
rmftsa_ladata,missing_at_random,10,k_nearest_neighbors_imputation,vietoris_rips,0,2.7263297053550204,0.0148996835536723
rmftsa_ladata,missing_at_random,10,k_nearest_neighbors_imputation,vietoris_rips,1,1.0852295142159294,0.0172532484443269
rmftsa_ladata,missing_at_random,10,k_nearest_neighbors_imputation,vietoris_rips,2,0.4246587633772952,0.0122124382721937
rmftsa_ladata,missing_at_random,10,k_nearest_neighbors_imputation,distance_to_a_measure_sqrt,0,1.3149368131318129,0.0097757933249939
rmftsa_ladata,missing_at_random,10,k_nearest_neighbors_imputation,distance_to_a_measure_sqrt,1,0.1743825157110757,0.0059290576913344
rmftsa_ladata,missing_at_random,10,k_nearest_neighbors_imputation,distance_to_a_measure_sqrt,2,0.0267658146493911,0.0028357232542087
rmftsa_ladata,missing_at_random,10,k_nearest_neighbors_imputation,distance_to_a_measure_chazal,0,1.2197047430203267,0.0100107917707195
rmftsa_ladata,missing_at_random,10,k_nearest_neighbors_imputation,distance_to_a_measure_chazal,1,0.1554439799254011,0.0058832721491575
rmftsa_ladata,missing_at_random,10,k_nearest_neighbors_imputation,distance_to_a_measure_chazal,2,0.0218012333868924,0.0029278544063568
rmftsa_ladata,missing_at_random,10,k_nearest_neighbors_imputation,kernel_distance,0,1.400727595574145,0.017112011348079
rmftsa_ladata,missing_at_random,10,k_nearest_neighbors_imputation,kernel_distance,1,0.2249504763761018,0.0081242534119646
rmftsa_ladata,missing_at_random,10,k_nearest_neighbors_imputation,kernel_distance,2,0.030352807508327,0.0013657153149788
rmftsa_ladata,missing_at_random,25,k_nearest_neighbors_imputation,vietoris_rips,0,7.921130724452297,0.0250120476193567
rmftsa_ladata,missing_at_random,25,k_nearest_neighbors_imputation,vietoris_rips,1,1.904737749250976,0.0172532484443269
rmftsa_ladata,missing_at_random,25,k_nearest_neighbors_imputation,vietoris_rips,2,0.4833010354870765,0.0138857308183019
rmftsa_ladata,missing_at_random,25,k_nearest_neighbors_imputation,distance_to_a_measure_sqrt,0,1.7082201132168602,0.014172990590075
rmftsa_ladata,missing_at_random,25,k_nearest_neighbors_imputation,distance_to_a_measure_sqrt,1,0.1702440906307338,0.0058739110160256
rmftsa_ladata,missing_at_random,25,k_nearest_neighbors_imputation,distance_to_a_measure_sqrt,2,0.0119266257061225,0.0018362022657499
rmftsa_ladata,missing_at_random,25,k_nearest_neighbors_imputation,distance_to_a_measure_chazal,0,1.617631818202261,0.0138279938294448
rmftsa_ladata,missing_at_random,25,k_nearest_neighbors_imputation,distance_to_a_measure_chazal,1,0.1453759106605449,0.0058832721491575
rmftsa_ladata,missing_at_random,25,k_nearest_neighbors_imputation,distance_to_a_measure_chazal,2,0.0081837098991346,0.0015038020298843
rmftsa_ladata,missing_at_random,25,k_nearest_neighbors_imputation,kernel_distance,0,4.822437901411203,0.0294360831331123
rmftsa_ladata,missing_at_random,25,k_nearest_neighbors_imputation,kernel_distance,1,0.5232871802877723,0.0075520841529119
rmftsa_ladata,missing_at_random,25,k_nearest_neighbors_imputation,kernel_distance,2,0.0556953691730907,0.0039552487687883
sphere,missing_at_random,5,k_nearest_neighbors_imputation,vietoris_rips,0,0.8467651751040737,0.0061751728506178
sphere,missing_at_random,5,k_nearest_neighbors_imputation,vietoris_rips,1,0.4031952445832377,0.0094084006460979
sphere,missing_at_random,5,k_nearest_neighbors_imputation,vietoris_rips,2,0.0397522819502559,0.032392612728397
sphere,missing_at_random,5,k_nearest_neighbors_imputation,distance_to_a_measure_sqrt,0,0.3737828808985392,0.0089836328427543
sphere,missing_at_random,5,k_nearest_neighbors_imputation,distance_to_a_measure_sqrt,1,0.1894379387611218,0.0161004368083482
sphere,missing_at_random,5,k_nearest_neighbors_imputation,distance_to_a_measure_sqrt,2,0.0185196569947222,0.0130016688298754
sphere,missing_at_random,5,k_nearest_neighbors_imputation,distance_to_a_measure_chazal,0,0.3057693777038543,0.0050251568247633
sphere,missing_at_random,5,k_nearest_neighbors_imputation,distance_to_a_measure_chazal,1,0.1376337999005751,0.0105066734801387
sphere,missing_at_random,5,k_nearest_neighbors_imputation,distance_to_a_measure_chazal,2,0.0155201770392749,0.0122487088508504
sphere,missing_at_random,5,k_nearest_neighbors_imputation,kernel_distance,0,1.1593517223828662,0.005589545642607
sphere,missing_at_random,5,k_nearest_neighbors_imputation,kernel_distance,1,0.3649281195513776,0.005910752081246
sphere,missing_at_random,5,k_nearest_neighbors_imputation,kernel_distance,2,0.0015806059459969,0.000993774205869
sphere,missing_at_random,10,k_nearest_neighbors_imputation,vietoris_rips,0,0.9297949690583,0.0062351952030585
sphere,missing_at_random,10,k_nearest_neighbors_imputation,vietoris_rips,1,0.6128207718557882,0.0126649163145267
sphere,missing_at_random,10,k_nearest_neighbors_imputation,vietoris_rips,2,0.0533735872369876,0.0435009718639516
sphere,missing_at_random,10,k_nearest_neighbors_imputation,distance_to_a_measure_sqrt,0,0.4978744773427161,0.0083341967378952
sphere,missing_at_random,10,k_nearest_neighbors_imputation,distance_to_a_measure_sqrt,1,0.2772642558407977,0.0172368000296969
sphere,missing_at_random,10,k_nearest_neighbors_imputation,distance_to_a_measure_sqrt,2,0.0335309343996696,0.0299997291092023
sphere,missing_at_random,10,k_nearest_neighbors_imputation,distance_to_a_measure_chazal,0,0.3643462957821067,0.0053548736156847
sphere,missing_at_random,10,k_nearest_neighbors_imputation,distance_to_a_measure_chazal,1,0.2053212477568899,0.0166733922142823
sphere,missing_at_random,10,k_nearest_neighbors_imputation,distance_to_a_measure_chazal,2,0.0306625635547717,0.0273047092387149
sphere,missing_at_random,10,k_nearest_neighbors_imputation,kernel_distance,0,1.2964735679801769,0.0056462000949888
sphere,missing_at_random,10,k_nearest_neighbors_imputation,kernel_distance,1,0.5703908657759048,0.01067213484843
sphere,missing_at_random,10,k_nearest_neighbors_imputation,kernel_distance,2,0.0017939540075179,0.000993774205869
sphere,missing_at_random,25,k_nearest_neighbors_imputation,vietoris_rips,0,0.7209205667964986,0.0049366479113423
sphere,missing_at_random,25,k_nearest_neighbors_imputation,vietoris_rips,1,0.921101060091818,0.0235057054754597
sphere,missing_at_random,25,k_nearest_neighbors_imputation,vietoris_rips,2,0.1061499177783528,0.1051248201426626
sphere,missing_at_random,25,k_nearest_neighbors_imputation,distance_to_a_measure_sqrt,0,0.6067955289220803,0.0252124622492652
sphere,missing_at_random,25,k_nearest_neighbors_imputation,distance_to_a_measure_sqrt,1,0.3360666899005954,0.0246287595555738
sphere,missing_at_random,25,k_nearest_neighbors_imputation,distance_to_a_measure_sqrt,2,0.092547372553564,0.0883685988315706
sphere,missing_at_random,25,k_nearest_neighbors_imputation,distance_to_a_measure_chazal,0,0.43580962629602,0.0294518173831123
sphere,missing_at_random,25,k_nearest_neighbors_imputation,distance_to_a_measure_chazal,1,0.2602170420202184,0.0236277371788916
sphere,missing_at_random,25,k_nearest_neighbors_imputation,distance_to_a_measure_chazal,2,0.0915801285445793,0.088594841735711
sphere,missing_at_random,25,k_nearest_neighbors_imputation,kernel_distance,0,1.0264523070824527,0.0048103610317692
sphere,missing_at_random,25,k_nearest_neighbors_imputation,kernel_distance,1,0.79478982159648,0.0071655666595817
sphere,missing_at_random,25,k_nearest_neighbors_imputation,kernel_distance,2,0.0010407440915684,0.0006934125067409
stock,missing_at_random,5,k_nearest_neighbors_imputation,vietoris_rips,0,0.6614332867246595,0.0058868044136948
stock,missing_at_random,5,k_nearest_neighbors_imputation,vietoris_rips,1,0.2242224356718811,0.0143078450792887
stock,missing_at_random,5,k_nearest_neighbors_imputation,vietoris_rips,2,0.0224476036295408,0.0031607588812786
stock,missing_at_random,5,k_nearest_neighbors_imputation,distance_to_a_measure_sqrt,0,0.4355261378786718,0.0230094143503449
stock,missing_at_random,5,k_nearest_neighbors_imputation,distance_to_a_measure_sqrt,1,0.0812229460197484,0.0097519510630677
stock,missing_at_random,5,k_nearest_neighbors_imputation,distance_to_a_measure_sqrt,2,0.0086304520688832,0.002013348746515
stock,missing_at_random,5,k_nearest_neighbors_imputation,distance_to_a_measure_chazal,0,0.3712326926549905,0.0220183725575176
stock,missing_at_random,5,k_nearest_neighbors_imputation,distance_to_a_measure_chazal,1,0.0631126613012839,0.0093466241295718
stock,missing_at_random,5,k_nearest_neighbors_imputation,distance_to_a_measure_chazal,2,0.0088418706627729,0.0033028487574615
stock,missing_at_random,5,k_nearest_neighbors_imputation,kernel_distance,0,1.0421459734912362,0.0061116228980593
stock,missing_at_random,5,k_nearest_neighbors_imputation,kernel_distance,1,0.2086387051393872,0.0133247436447751
stock,missing_at_random,5,k_nearest_neighbors_imputation,kernel_distance,2,0.0068430113704954,0.0012483944774613
stock,missing_at_random,10,k_nearest_neighbors_imputation,vietoris_rips,0,1.0908931527348884,0.0435047765560403
stock,missing_at_random,10,k_nearest_neighbors_imputation,vietoris_rips,1,0.4024724612834787,0.0356985748497359
stock,missing_at_random,10,k_nearest_neighbors_imputation,vietoris_rips,2,0.024751028295408,0.0037570797906434
stock,missing_at_random,10,k_nearest_neighbors_imputation,distance_to_a_measure_sqrt,0,0.6390969291483355,0.0439443108367361
stock,missing_at_random,10,k_nearest_neighbors_imputation,distance_to_a_measure_sqrt,1,0.136415290942048,0.0416620391691869
stock,missing_at_random,10,k_nearest_neighbors_imputation,distance_to_a_measure_sqrt,2,0.0053374701823202,0.002013348746515
stock,missing_at_random,10,k_nearest_neighbors_imputation,distance_to_a_measure_chazal,0,0.5853436851011801,0.0514907564820954
stock,missing_at_random,10,k_nearest_neighbors_imputation,distance_to_a_measure_chazal,1,0.1060799676473419,0.0357154764695752
stock,missing_at_random,10,k_nearest_neighbors_imputation,distance_to_a_measure_chazal,2,0.0081861358488848,0.0033028487574615
stock,missing_at_random,10,k_nearest_neighbors_imputation,kernel_distance,0,1.660909664020647,0.0200975148061468
stock,missing_at_random,10,k_nearest_neighbors_imputation,kernel_distance,1,0.3097053406769993,0.0118230517371042
stock,missing_at_random,10,k_nearest_neighbors_imputation,kernel_distance,2,0.0131326655362695,0.0030167229083484
stock,missing_at_random,25,k_nearest_neighbors_imputation,vietoris_rips,0,2.910423341561625,0.0083971274257792
stock,missing_at_random,25,k_nearest_neighbors_imputation,vietoris_rips,1,0.5254210557947697,0.0586833031932518
stock,missing_at_random,25,k_nearest_neighbors_imputation,vietoris_rips,2,0.0338297487709701,0.0051400491623121
stock,missing_at_random,25,k_nearest_neighbors_imputation,distance_to_a_measure_sqrt,0,0.9672729127345656,0.0489501254059115
stock,missing_at_random,25,k_nearest_neighbors_imputation,distance_to_a_measure_sqrt,1,0.1900198080034714,0.0685737284336273
stock,missing_at_random,25,k_nearest_neighbors_imputation,distance_to_a_measure_sqrt,2,0.0120107856746725,0.0040610466323428
stock,missing_at_random,25,k_nearest_neighbors_imputation,distance_to_a_measure_chazal,0,0.8155586124069998,0.0653127083494259
stock,missing_at_random,25,k_nearest_neighbors_imputation,distance_to_a_measure_chazal,1,0.1299369107879812,0.0630821482653951
stock,missing_at_random,25,k_nearest_neighbors_imputation,distance_to_a_measure_chazal,2,0.0108256078661381,0.0033028487574615
stock,missing_at_random,25,k_nearest_neighbors_imputation,kernel_distance,0,4.936726428488789,0.0084818588475534
stock,missing_at_random,25,k_nearest_neighbors_imputation,kernel_distance,1,0.4459650083375555,0.0128399564112964
stock,missing_at_random,25,k_nearest_neighbors_imputation,kernel_distance,2,0.0185296869927051,0.0032781273026042
swiss_roll,missing_at_random,5,k_nearest_neighbors_imputation,vietoris_rips,0,0.4971891420176704,0.0056873240507874
swiss_roll,missing_at_random,5,k_nearest_neighbors_imputation,vietoris_rips,1,0.4695608520830927,0.022586220447506
swiss_roll,missing_at_random,5,k_nearest_neighbors_imputation,vietoris_rips,2,0.133215192383349,0.0037165368025038
swiss_roll,missing_at_random,5,k_nearest_neighbors_imputation,distance_to_a_measure_sqrt,0,0.31995142240591,0.0072945010660309
swiss_roll,missing_at_random,5,k_nearest_neighbors_imputation,distance_to_a_measure_sqrt,1,0.1691159246633149,0.0143718024234541
swiss_roll,missing_at_random,5,k_nearest_neighbors_imputation,distance_to_a_measure_sqrt,2,0.0599195918496474,0.0023043201633497
swiss_roll,missing_at_random,5,k_nearest_neighbors_imputation,distance_to_a_measure_chazal,0,0.2692154979419209,0.0138277092583336
swiss_roll,missing_at_random,5,k_nearest_neighbors_imputation,distance_to_a_measure_chazal,1,0.1147647463298166,0.0101170128964483
swiss_roll,missing_at_random,5,k_nearest_neighbors_imputation,distance_to_a_measure_chazal,2,0.0382541517751279,0.0019317590270162
swiss_roll,missing_at_random,5,k_nearest_neighbors_imputation,kernel_distance,0,0.634683229628064,0.0053570633044066
swiss_roll,missing_at_random,5,k_nearest_neighbors_imputation,kernel_distance,1,0.2498827110011693,0.0063168978667533
swiss_roll,missing_at_random,5,k_nearest_neighbors_imputation,kernel_distance,2,0.0009820534778847,0.0001812629257786
swiss_roll,missing_at_random,10,k_nearest_neighbors_imputation,vietoris_rips,0,0.4277655714040254,0.0118902001558223
swiss_roll,missing_at_random,10,k_nearest_neighbors_imputation,vietoris_rips,1,0.6747035986952914,0.0300161360292477
swiss_roll,missing_at_random,10,k_nearest_neighbors_imputation,vietoris_rips,2,0.1792955910912083,0.0052772090715187
swiss_roll,missing_at_random,10,k_nearest_neighbors_imputation,distance_to_a_measure_sqrt,0,0.4614922505381942,0.0184276745331697
swiss_roll,missing_at_random,10,k_nearest_neighbors_imputation,distance_to_a_measure_sqrt,1,0.2652761376072043,0.027931307995009
swiss_roll,missing_at_random,10,k_nearest_neighbors_imputation,distance_to_a_measure_sqrt,2,0.0636697190917025,0.0025959902459037
swiss_roll,missing_at_random,10,k_nearest_neighbors_imputation,distance_to_a_measure_chazal,0,0.3686741074134806,0.0252599246996866
swiss_roll,missing_at_random,10,k_nearest_neighbors_imputation,distance_to_a_measure_chazal,1,0.1721076787615241,0.0267099520089693
swiss_roll,missing_at_random,10,k_nearest_neighbors_imputation,distance_to_a_measure_chazal,2,0.0444387960103892,0.0023384591558255
swiss_roll,missing_at_random,10,k_nearest_neighbors_imputation,kernel_distance,0,0.5342133620080544,0.0078762051467962
swiss_roll,missing_at_random,10,k_nearest_neighbors_imputation,kernel_distance,1,0.3451608693015776,0.0068335247903653
swiss_roll,missing_at_random,10,k_nearest_neighbors_imputation,kernel_distance,2,0.000646172035299,0.0001599843172056
swiss_roll,missing_at_random,25,k_nearest_neighbors_imputation,vietoris_rips,0,1.504831498432076,0.009347934353915
swiss_roll,missing_at_random,25,k_nearest_neighbors_imputation,vietoris_rips,1,1.1122418974873118,0.0836683640238457
swiss_roll,missing_at_random,25,k_nearest_neighbors_imputation,vietoris_rips,2,0.1792457020079695,0.0036485822295734
swiss_roll,missing_at_random,25,k_nearest_neighbors_imputation,distance_to_a_measure_sqrt,0,0.6711544572104273,0.0287707238960998
swiss_roll,missing_at_random,25,k_nearest_neighbors_imputation,distance_to_a_measure_sqrt,1,0.3641314791773721,0.0813435642698577
swiss_roll,missing_at_random,25,k_nearest_neighbors_imputation,distance_to_a_measure_sqrt,2,0.0595447195817901,0.0027299208711642
swiss_roll,missing_at_random,25,k_nearest_neighbors_imputation,distance_to_a_measure_chazal,0,0.5293763072829829,0.0270346576782797
swiss_roll,missing_at_random,25,k_nearest_neighbors_imputation,distance_to_a_measure_chazal,1,0.269702500370594,0.0839902921546208
swiss_roll,missing_at_random,25,k_nearest_neighbors_imputation,distance_to_a_measure_chazal,2,0.0388827747838823,0.0043262255352235
swiss_roll,missing_at_random,25,k_nearest_neighbors_imputation,kernel_distance,0,1.947706501227494,0.0087521713623446
swiss_roll,missing_at_random,25,k_nearest_neighbors_imputation,kernel_distance,1,0.6842523198254653,0.0099114750448412
swiss_roll,missing_at_random,25,k_nearest_neighbors_imputation,kernel_distance,2,0.0025013864768856,0.0004955385574044
torus,missing_at_random,5,k_nearest_neighbors_imputation,vietoris_rips,0,0.8438081474594856,0.0037178723699123
torus,missing_at_random,5,k_nearest_neighbors_imputation,vietoris_rips,1,0.4516089027354604,0.0328557454125828
torus,missing_at_random,5,k_nearest_neighbors_imputation,vietoris_rips,2,0.266612449316015,0.0197682210693663
torus,missing_at_random,5,k_nearest_neighbors_imputation,distance_to_a_measure_sqrt,0,0.4961394761936373,0.0066603769127755
torus,missing_at_random,5,k_nearest_neighbors_imputation,distance_to_a_measure_sqrt,1,0.335154704530212,0.0287859825281036
torus,missing_at_random,5,k_nearest_neighbors_imputation,distance_to_a_measure_sqrt,2,0.2823162556045533,0.0140083457827148
torus,missing_at_random,5,k_nearest_neighbors_imputation,distance_to_a_measure_chazal,0,0.3908214485055,0.0035774700913514
torus,missing_at_random,5,k_nearest_neighbors_imputation,distance_to_a_measure_chazal,1,0.2627401051169997,0.0220390794616642
torus,missing_at_random,5,k_nearest_neighbors_imputation,distance_to_a_measure_chazal,2,0.2467658882852292,0.0127961401273942
torus,missing_at_random,5,k_nearest_neighbors_imputation,kernel_distance,0,1.0428539480183403,0.0032847026018486
torus,missing_at_random,5,k_nearest_neighbors_imputation,kernel_distance,1,0.2605835476586173,0.0040199745718032
torus,missing_at_random,5,k_nearest_neighbors_imputation,kernel_distance,2,0.0029586714139082,0.0007907507843571
torus,missing_at_random,10,k_nearest_neighbors_imputation,vietoris_rips,0,0.4396715939338426,0.0043016329426795
torus,missing_at_random,10,k_nearest_neighbors_imputation,vietoris_rips,1,0.7328112333088278,0.039480729598777
torus,missing_at_random,10,k_nearest_neighbors_imputation,vietoris_rips,2,0.4017228071584412,0.0310896197367178
torus,missing_at_random,10,k_nearest_neighbors_imputation,distance_to_a_measure_sqrt,0,0.617572486417433,0.0084437505804623
torus,missing_at_random,10,k_nearest_neighbors_imputation,distance_to_a_measure_sqrt,1,0.4360875962303147,0.04146985807156
torus,missing_at_random,10,k_nearest_neighbors_imputation,distance_to_a_measure_sqrt,2,0.3251186490165832,0.0211464195663352
torus,missing_at_random,10,k_nearest_neighbors_imputation,distance_to_a_measure_chazal,0,0.5361777203355579,0.0077065897264477
torus,missing_at_random,10,k_nearest_neighbors_imputation,distance_to_a_measure_chazal,1,0.3632487538461728,0.0309056920363166
torus,missing_at_random,10,k_nearest_neighbors_imputation,distance_to_a_measure_chazal,2,0.3109336957504589,0.0167741490376795
torus,missing_at_random,10,k_nearest_neighbors_imputation,kernel_distance,0,0.5481290078794058,0.0035881069889628
torus,missing_at_random,10,k_nearest_neighbors_imputation,kernel_distance,1,0.4323650895486561,0.0046782935959441
torus,missing_at_random,10,k_nearest_neighbors_imputation,kernel_distance,2,0.0045957063950741,0.0010784287806978
torus,missing_at_random,25,k_nearest_neighbors_imputation,vietoris_rips,0,1.5327747135263676,0.0084563240612263
torus,missing_at_random,25,k_nearest_neighbors_imputation,vietoris_rips,1,1.3544547686849644,0.0596317263450571
torus,missing_at_random,25,k_nearest_neighbors_imputation,vietoris_rips,2,0.4886318048613374,0.0415903268993954
torus,missing_at_random,25,k_nearest_neighbors_imputation,distance_to_a_measure_sqrt,0,0.8166467692491017,0.0167018276737406
torus,missing_at_random,25,k_nearest_neighbors_imputation,distance_to_a_measure_sqrt,1,0.6512008420088702,0.0617010083727556
torus,missing_at_random,25,k_nearest_neighbors_imputation,distance_to_a_measure_sqrt,2,0.3800922169334281,0.0216596427212203
torus,missing_at_random,25,k_nearest_neighbors_imputation,distance_to_a_measure_chazal,0,0.626999689024533,0.0176523847274583
torus,missing_at_random,25,k_nearest_neighbors_imputation,distance_to_a_measure_chazal,1,0.5080477645698691,0.0507801771437933
torus,missing_at_random,25,k_nearest_neighbors_imputation,distance_to_a_measure_chazal,2,0.3546881143420303,0.0178793274694108
torus,missing_at_random,25,k_nearest_neighbors_imputation,kernel_distance,0,1.8524857456355417,0.0070643977654566
torus,missing_at_random,25,k_nearest_neighbors_imputation,kernel_distance,1,0.8005603912825798,0.0061341796047501
torus,missing_at_random,25,k_nearest_neighbors_imputation,kernel_distance,2,0.0039113822962941,0.0007907507843571
treasury,missing_at_random,5,k_nearest_neighbors_imputation,vietoris_rips,0,0.1481585032913194,0.0039911571672093
treasury,missing_at_random,5,k_nearest_neighbors_imputation,vietoris_rips,1,0.1005328440520786,0.0126579046763906
treasury,missing_at_random,5,k_nearest_neighbors_imputation,vietoris_rips,2,0.0117332891697848,0.002704659246433
treasury,missing_at_random,5,k_nearest_neighbors_imputation,distance_to_a_measure_sqrt,0,0.2151295534062192,0.009225976652268
treasury,missing_at_random,5,k_nearest_neighbors_imputation,distance_to_a_measure_sqrt,1,0.025573553598324,0.0122882403210465
treasury,missing_at_random,5,k_nearest_neighbors_imputation,distance_to_a_measure_sqrt,2,0.0002890941480419,0.0002044204324817
treasury,missing_at_random,5,k_nearest_neighbors_imputation,distance_to_a_measure_chazal,0,0.1789578324454702,0.0155263597400948
treasury,missing_at_random,5,k_nearest_neighbors_imputation,distance_to_a_measure_chazal,1,0.0210371098538958,0.0100185426580944
treasury,missing_at_random,5,k_nearest_neighbors_imputation,distance_to_a_measure_chazal,2,0.0005207041125428,0.0003428584133609
treasury,missing_at_random,5,k_nearest_neighbors_imputation,kernel_distance,0,0.2059466486924256,0.0037100373881193
treasury,missing_at_random,5,k_nearest_neighbors_imputation,kernel_distance,1,0.0670077145242904,0.0048239366541669
treasury,missing_at_random,5,k_nearest_neighbors_imputation,kernel_distance,2,0.0039412585264875,0.0013870704529339
treasury,missing_at_random,10,k_nearest_neighbors_imputation,vietoris_rips,0,0.2125565674488832,0.0042400166255282
treasury,missing_at_random,10,k_nearest_neighbors_imputation,vietoris_rips,1,0.1557209813307312,0.0126915811256577
treasury,missing_at_random,10,k_nearest_neighbors_imputation,vietoris_rips,2,0.0073785060783374,0.002704659246433
treasury,missing_at_random,10,k_nearest_neighbors_imputation,distance_to_a_measure_sqrt,0,0.2763546725262926,0.0114420441586281
treasury,missing_at_random,10,k_nearest_neighbors_imputation,distance_to_a_measure_sqrt,1,0.0292913419755585,0.0122882403210465
treasury,missing_at_random,10,k_nearest_neighbors_imputation,distance_to_a_measure_sqrt,2,0.0,0.0
treasury,missing_at_random,10,k_nearest_neighbors_imputation,distance_to_a_measure_chazal,0,0.228468221916011,0.0191298859926861
treasury,missing_at_random,10,k_nearest_neighbors_imputation,distance_to_a_measure_chazal,1,0.0215057475552643,0.0100185426580944
treasury,missing_at_random,10,k_nearest_neighbors_imputation,distance_to_a_measure_chazal,2,0.0005207041125428,0.0003428584133609
treasury,missing_at_random,10,k_nearest_neighbors_imputation,kernel_distance,0,0.2956233899603632,0.004568540163984
treasury,missing_at_random,10,k_nearest_neighbors_imputation,kernel_distance,1,0.1116258635094936,0.0048649678353006
treasury,missing_at_random,10,k_nearest_neighbors_imputation,kernel_distance,2,0.001764186416428,0.0004062964018271
treasury,missing_at_random,25,k_nearest_neighbors_imputation,vietoris_rips,0,0.6405908773755575,0.0112929532369336
treasury,missing_at_random,25,k_nearest_neighbors_imputation,vietoris_rips,1,0.2252610785539145,0.0151353712304942
treasury,missing_at_random,25,k_nearest_neighbors_imputation,vietoris_rips,2,0.0157657197104655,0.0029631986282457
treasury,missing_at_random,25,k_nearest_neighbors_imputation,distance_to_a_measure_sqrt,0,0.4234742986055534,0.0148171214758693
treasury,missing_at_random,25,k_nearest_neighbors_imputation,distance_to_a_measure_sqrt,1,0.0422900239209595,0.0122882403210465
treasury,missing_at_random,25,k_nearest_neighbors_imputation,distance_to_a_measure_sqrt,2,0.0,0.0
treasury,missing_at_random,25,k_nearest_neighbors_imputation,distance_to_a_measure_chazal,0,0.3415250930229336,0.0239039566511666
treasury,missing_at_random,25,k_nearest_neighbors_imputation,distance_to_a_measure_chazal,1,0.0210615252207366,0.0100185426580944
treasury,missing_at_random,25,k_nearest_neighbors_imputation,distance_to_a_measure_chazal,2,0.0005207041125428,0.0003428584133609
treasury,missing_at_random,25,k_nearest_neighbors_imputation,kernel_distance,0,0.9369245944605602,0.0066912802342986
treasury,missing_at_random,25,k_nearest_neighbors_imputation,kernel_distance,1,0.1762999014585739,0.0062917172950623
treasury,missing_at_random,25,k_nearest_neighbors_imputation,kernel_distance,2,0.0064976564975776,0.0018241333883766
weather_izmir,missing_at_random,5,k_nearest_neighbors_imputation,vietoris_rips,0,1.1795077869052406,0.00938549302303
weather_izmir,missing_at_random,5,k_nearest_neighbors_imputation,vietoris_rips,1,0.5684241668318666,0.0073269932429635
weather_izmir,missing_at_random,5,k_nearest_neighbors_imputation,vietoris_rips,2,0.2020176583581212,0.004665396105897
weather_izmir,missing_at_random,5,k_nearest_neighbors_imputation,distance_to_a_measure_sqrt,0,0.4603622729611315,0.0025353734435615
weather_izmir,missing_at_random,5,k_nearest_neighbors_imputation,distance_to_a_measure_sqrt,1,0.0657831915031295,0.0019256903088627
weather_izmir,missing_at_random,5,k_nearest_neighbors_imputation,distance_to_a_measure_sqrt,2,0.008731441311286,0.0007431162872179
weather_izmir,missing_at_random,5,k_nearest_neighbors_imputation,distance_to_a_measure_chazal,0,0.3268150665150551,0.0020518471793695
weather_izmir,missing_at_random,5,k_nearest_neighbors_imputation,distance_to_a_measure_chazal,1,0.0379624434282414,0.0015244157305189
weather_izmir,missing_at_random,5,k_nearest_neighbors_imputation,distance_to_a_measure_chazal,2,0.0064508551903236,0.0012319141434799
weather_izmir,missing_at_random,5,k_nearest_neighbors_imputation,kernel_distance,0,0.93263884647769,0.0012127186185525
weather_izmir,missing_at_random,5,k_nearest_neighbors_imputation,kernel_distance,1,0.24789000560865,0.0021168016084207
weather_izmir,missing_at_random,5,k_nearest_neighbors_imputation,kernel_distance,2,0.0632315519891051,0.0008662388986271
weather_izmir,missing_at_random,10,k_nearest_neighbors_imputation,vietoris_rips,0,2.3066854485149393,0.0061812758171437
weather_izmir,missing_at_random,10,k_nearest_neighbors_imputation,vietoris_rips,1,0.832105058748217,0.0069176256570755
weather_izmir,missing_at_random,10,k_nearest_neighbors_imputation,vietoris_rips,2,0.2493883032813153,0.004665396105897
weather_izmir,missing_at_random,10,k_nearest_neighbors_imputation,distance_to_a_measure_sqrt,0,0.5804567877393555,0.0045063004471927
weather_izmir,missing_at_random,10,k_nearest_neighbors_imputation,distance_to_a_measure_sqrt,1,0.0562967050721511,0.0013776971760129
weather_izmir,missing_at_random,10,k_nearest_neighbors_imputation,distance_to_a_measure_sqrt,2,0.0087674585971284,0.0006873908566781
weather_izmir,missing_at_random,10,k_nearest_neighbors_imputation,distance_to_a_measure_chazal,0,0.4097674019080857,0.0045616719633352
weather_izmir,missing_at_random,10,k_nearest_neighbors_imputation,distance_to_a_measure_chazal,1,0.0407586932309961,0.0013800285561678
weather_izmir,missing_at_random,10,k_nearest_neighbors_imputation,distance_to_a_measure_chazal,2,0.0056763864575586,0.0012319141434799
weather_izmir,missing_at_random,10,k_nearest_neighbors_imputation,kernel_distance,0,2.258943213218694,0.0057239918105184
weather_izmir,missing_at_random,10,k_nearest_neighbors_imputation,kernel_distance,1,0.419144651031451,0.0018466337522927
weather_izmir,missing_at_random,10,k_nearest_neighbors_imputation,kernel_distance,2,0.0920417579366923,0.0015836456560686
weather_izmir,missing_at_random,25,k_nearest_neighbors_imputation,vietoris_rips,0,7.911508140428146,0.0219555820397718
weather_izmir,missing_at_random,25,k_nearest_neighbors_imputation,vietoris_rips,1,1.6067375570696152,0.0096338072838628
weather_izmir,missing_at_random,25,k_nearest_neighbors_imputation,vietoris_rips,2,0.3560754264752912,0.0041718389672167
weather_izmir,missing_at_random,25,k_nearest_neighbors_imputation,distance_to_a_measure_sqrt,0,0.8585685521406272,0.0052257972795183
weather_izmir,missing_at_random,25,k_nearest_neighbors_imputation,distance_to_a_measure_sqrt,1,0.0626865045462319,0.001484460527524
weather_izmir,missing_at_random,25,k_nearest_neighbors_imputation,distance_to_a_measure_sqrt,2,0.0048475460861868,0.0006081090818554
weather_izmir,missing_at_random,25,k_nearest_neighbors_imputation,distance_to_a_measure_chazal,0,0.5433501210377665,0.0046557067711766
weather_izmir,missing_at_random,25,k_nearest_neighbors_imputation,distance_to_a_measure_chazal,1,0.0314463825391888,0.0012502780933203
weather_izmir,missing_at_random,25,k_nearest_neighbors_imputation,distance_to_a_measure_chazal,2,0.0038705705117128,0.0012319141434799
weather_izmir,missing_at_random,25,k_nearest_neighbors_imputation,kernel_distance,0,9.597908551996928,0.0143772675010622
weather_izmir,missing_at_random,25,k_nearest_neighbors_imputation,kernel_distance,1,0.9798830935261196,0.0040435016870321
weather_izmir,missing_at_random,25,k_nearest_neighbors_imputation,kernel_distance,2,0.1481041456704042,0.0020241799832422
white_wine_quality,missing_at_random,5,k_nearest_neighbors_imputation,vietoris_rips,0,6.083018483502469,0.0162799686382022
white_wine_quality,missing_at_random,5,k_nearest_neighbors_imputation,vietoris_rips,1,2.3571044567683774,0.0076568654774483
white_wine_quality,missing_at_random,5,k_nearest_neighbors_imputation,vietoris_rips,2,1.3447669093595465,0.0054104307682365
white_wine_quality,missing_at_random,5,k_nearest_neighbors_imputation,distance_to_a_measure_sqrt,0,1.318198021520325,0.0030484123301755
white_wine_quality,missing_at_random,5,k_nearest_neighbors_imputation,distance_to_a_measure_sqrt,1,0.1760114281239041,0.0020204073623074
white_wine_quality,missing_at_random,5,k_nearest_neighbors_imputation,distance_to_a_measure_sqrt,2,0.0527465802821502,0.0010205182847544
white_wine_quality,missing_at_random,5,k_nearest_neighbors_imputation,distance_to_a_measure_chazal,0,0.7988584089743822,0.0028706229461107
white_wine_quality,missing_at_random,5,k_nearest_neighbors_imputation,distance_to_a_measure_chazal,1,0.0937949327153647,0.0016347013561607
white_wine_quality,missing_at_random,5,k_nearest_neighbors_imputation,distance_to_a_measure_chazal,2,0.0198494459636637,0.0010520981627787
white_wine_quality,missing_at_random,5,k_nearest_neighbors_imputation,kernel_distance,0,1.4276613375812326,0.0041404282774986
white_wine_quality,missing_at_random,5,k_nearest_neighbors_imputation,kernel_distance,1,0.2604043580180971,0.0015511745557521
white_wine_quality,missing_at_random,5,k_nearest_neighbors_imputation,kernel_distance,2,0.0469968553604765,0.0003675351128034
white_wine_quality,missing_at_random,10,k_nearest_neighbors_imputation,vietoris_rips,0,11.622290838695958,0.0183091434135704
white_wine_quality,missing_at_random,10,k_nearest_neighbors_imputation,vietoris_rips,1,4.182418113054702,0.006972431360018
white_wine_quality,missing_at_random,10,k_nearest_neighbors_imputation,vietoris_rips,2,2.1907637498663086,0.0054104307682365
white_wine_quality,missing_at_random,10,k_nearest_neighbors_imputation,distance_to_a_measure_sqrt,0,2.153073788970296,0.0073994817355978
white_wine_quality,missing_at_random,10,k_nearest_neighbors_imputation,distance_to_a_measure_sqrt,1,0.2420862224775025,0.0027122551010758
white_wine_quality,missing_at_random,10,k_nearest_neighbors_imputation,distance_to_a_measure_sqrt,2,0.0697836661564117,0.0011789205118013
white_wine_quality,missing_at_random,10,k_nearest_neighbors_imputation,distance_to_a_measure_chazal,0,1.2560073621034515,0.0063506498639593
white_wine_quality,missing_at_random,10,k_nearest_neighbors_imputation,distance_to_a_measure_chazal,1,0.1099421674831104,0.0012468722607727
white_wine_quality,missing_at_random,10,k_nearest_neighbors_imputation,distance_to_a_measure_chazal,2,0.0284990904216889,0.0009844945316788
white_wine_quality,missing_at_random,10,k_nearest_neighbors_imputation,kernel_distance,0,3.453325317666507,0.0047263866717549
white_wine_quality,missing_at_random,10,k_nearest_neighbors_imputation,kernel_distance,1,0.6097923939687786,0.0015511745557521
white_wine_quality,missing_at_random,10,k_nearest_neighbors_imputation,kernel_distance,2,0.1019015895440745,0.0002544397820728
white_wine_quality,missing_at_random,25,k_nearest_neighbors_imputation,vietoris_rips,0,33.996701194007805,0.1071066031160284
white_wine_quality,missing_at_random,25,k_nearest_neighbors_imputation,vietoris_rips,1,9.313614573882017,0.0087481677294129
white_wine_quality,missing_at_random,25,k_nearest_neighbors_imputation,vietoris_rips,2,4.058600237268303,0.0054104307682365
white_wine_quality,missing_at_random,25,k_nearest_neighbors_imputation,distance_to_a_measure_sqrt,0,4.12649986199267,0.0093118264341815
white_wine_quality,missing_at_random,25,k_nearest_neighbors_imputation,distance_to_a_measure_sqrt,1,0.2914142044949873,0.0030877023743913
white_wine_quality,missing_at_random,25,k_nearest_neighbors_imputation,distance_to_a_measure_sqrt,2,0.0585513220873647,0.0013506629595052
white_wine_quality,missing_at_random,25,k_nearest_neighbors_imputation,distance_to_a_measure_chazal,0,2.1828393093149367,0.0096575117783574
white_wine_quality,missing_at_random,25,k_nearest_neighbors_imputation,distance_to_a_measure_chazal,1,0.0973037682095657,0.0018309023076528
white_wine_quality,missing_at_random,25,k_nearest_neighbors_imputation,distance_to_a_measure_chazal,2,0.0135170251589486,0.0006647203312983
white_wine_quality,missing_at_random,25,k_nearest_neighbors_imputation,kernel_distance,0,16.967146044598834,0.0081667550131965
white_wine_quality,missing_at_random,25,k_nearest_neighbors_imputation,kernel_distance,1,1.9454577080658424,0.0046541575856028
white_wine_quality,missing_at_random,25,k_nearest_neighbors_imputation,kernel_distance,2,0.2993354547562083,0.0016158965444711
