dataset,missingness_type,missing_rate,imputation_method,rmse
concrete_data,missing_completely_at_random,1,k_nearest_neighbors_imputation,4.777289241243501
concrete_data,missing_completely_at_random,2,k_nearest_neighbors_imputation,6.135444066099514
concrete_data,missing_completely_at_random,3,k_nearest_neighbors_imputation,7.203141461298048
concrete_data,missing_completely_at_random,4,k_nearest_neighbors_imputation,8.21422193207648
concrete_data,missing_completely_at_random,5,constant_imputation,99.23915458399394
concrete_data,missing_completely_at_random,5,mean_imputation,14.37880064597548
concrete_data,missing_completely_at_random,5,median_imputation,15.47995143114731
concrete_data,missing_completely_at_random,5,k_nearest_neighbors_imputation,9.298902885539821
concrete_data,missing_completely_at_random,5,mice_imputation,9.939616128317448
concrete_data,missing_completely_at_random,5,random_forest_imputation,5.5022898177560675
concrete_data,missing_completely_at_random,6,k_nearest_neighbors_imputation,10.588713693071641
concrete_data,missing_completely_at_random,8,k_nearest_neighbors_imputation,13.00709487195799
concrete_data,missing_completely_at_random,10,constant_imputation,136.8712276578279
concrete_data,missing_completely_at_random,10,mean_imputation,20.61914777025099
concrete_data,missing_completely_at_random,10,median_imputation,21.938358157855653
concrete_data,missing_completely_at_random,10,k_nearest_neighbors_imputation,14.804564261030238
concrete_data,missing_completely_at_random,10,mice_imputation,15.412311069564154
concrete_data,missing_completely_at_random,10,random_forest_imputation,9.042420344100108
concrete_data,missing_completely_at_random,15,k_nearest_neighbors_imputation,19.16779512540589
concrete_data,missing_completely_at_random,20,k_nearest_neighbors_imputation,23.013879937147326
concrete_data,missing_completely_at_random,25,constant_imputation,219.08253221148
concrete_data,missing_completely_at_random,25,mean_imputation,33.37944506459383
concrete_data,missing_completely_at_random,25,median_imputation,35.724028572273006
concrete_data,missing_completely_at_random,25,k_nearest_neighbors_imputation,26.777067724616984
concrete_data,missing_completely_at_random,25,mice_imputation,32.39193587626883
concrete_data,missing_completely_at_random,25,random_forest_imputation,19.44694362972879
concrete_data,missing_completely_at_random,30,k_nearest_neighbors_imputation,30.38577552874304
concrete_data,missing_completely_at_random,40,k_nearest_neighbors_imputation,37.37012074463904
concrete_data,missing_at_random,1,k_nearest_neighbors_imputation,6.045496682365063
concrete_data,missing_at_random,3,k_nearest_neighbors_imputation,11.747088644152305
concrete_data,missing_at_random,2,k_nearest_neighbors_imputation,9.007900442525443
concrete_data,missing_at_random,4,k_nearest_neighbors_imputation,13.20741725262161
concrete_data,missing_at_random,8,k_nearest_neighbors_imputation,17.709095739614177
concrete_data,missing_at_random,10,constant_imputation,152.30179618382658
concrete_data,missing_at_random,10,mean_imputation,22.778599286702843
concrete_data,missing_at_random,10,median_imputation,24.781688854497425
concrete_data,missing_at_random,10,k_nearest_neighbors_imputation,19.881197696565657
concrete_data,missing_at_random,10,mice_imputation,13.997260095582538
concrete_data,missing_at_random,10,random_forest_imputation,20.311317120993632
concrete_data,missing_at_random,5,constant_imputation,110.15012054017998
concrete_data,missing_at_random,5,mean_imputation,17.142005611555735
concrete_data,missing_at_random,5,median_imputation,19.265531959508618
concrete_data,missing_at_random,5,k_nearest_neighbors_imputation,14.46428263806437
concrete_data,missing_at_random,5,mice_imputation,8.89560737872697
concrete_data,missing_at_random,5,random_forest_imputation,11.602360190805026
concrete_data,missing_at_random,6,k_nearest_neighbors_imputation,15.217980363220768
concrete_data,missing_at_random,15,k_nearest_neighbors_imputation,24.65689715400673
concrete_data,missing_at_random,20,k_nearest_neighbors_imputation,30.041693747841705
concrete_data,missing_at_random,30,k_nearest_neighbors_imputation,38.9140770366213
concrete_data,missing_at_random,25,constant_imputation,242.916724316246
concrete_data,missing_at_random,25,mean_imputation,37.89932724621134
concrete_data,missing_at_random,25,median_imputation,39.90567276023049
concrete_data,missing_at_random,25,k_nearest_neighbors_imputation,35.86011187018029
concrete_data,missing_at_random,25,mice_imputation,34.20432131395103
concrete_data,missing_at_random,25,random_forest_imputation,33.40947445159866
concrete_data,missing_at_random,40,k_nearest_neighbors_imputation,51.622386567087766
concrete_data,missing_not_at_random,3,k_nearest_neighbors_imputation,4.61937436474046
concrete_data,missing_not_at_random,1,k_nearest_neighbors_imputation,2.6327923501304795
concrete_data,missing_not_at_random,2,k_nearest_neighbors_imputation,3.6374049603780976
concrete_data,missing_not_at_random,4,k_nearest_neighbors_imputation,5.539337113949343
concrete_data,missing_not_at_random,8,k_nearest_neighbors_imputation,9.486461076508462
concrete_data,missing_not_at_random,6,k_nearest_neighbors_imputation,8.05470929159769
concrete_data,missing_not_at_random,10,constant_imputation,135.7603289447576
concrete_data,missing_not_at_random,10,mean_imputation,9.531720789000701
concrete_data,missing_not_at_random,10,median_imputation,5.309310993477258
concrete_data,missing_not_at_random,10,k_nearest_neighbors_imputation,10.400993684457944
concrete_data,missing_not_at_random,10,mice_imputation,12.60001172325271
concrete_data,missing_not_at_random,10,random_forest_imputation,11.401485098543114
concrete_data,missing_not_at_random,15,k_nearest_neighbors_imputation,13.40661189780031
concrete_data,missing_not_at_random,5,constant_imputation,96.39665691590714
concrete_data,missing_not_at_random,5,mean_imputation,6.158473003821888
concrete_data,missing_not_at_random,5,median_imputation,1.9662047699593765
concrete_data,missing_not_at_random,5,k_nearest_neighbors_imputation,7.061298099777267
concrete_data,missing_not_at_random,5,mice_imputation,7.795202206009682
concrete_data,missing_not_at_random,5,random_forest_imputation,7.119343513372954
concrete_data,missing_not_at_random,20,k_nearest_neighbors_imputation,18.510772223442665
concrete_data,missing_not_at_random,25,constant_imputation,214.274437236504
concrete_data,missing_not_at_random,25,mean_imputation,20.466778115260194
concrete_data,missing_not_at_random,25,median_imputation,24.971587464588993
concrete_data,missing_not_at_random,25,k_nearest_neighbors_imputation,23.858034267739896
concrete_data,missing_not_at_random,25,mice_imputation,29.298530753704732
concrete_data,missing_not_at_random,25,random_forest_imputation,20.365222713597714
concrete_data,missing_not_at_random,40,k_nearest_neighbors_imputation,42.1378298364477
concrete_data,missing_not_at_random,30,k_nearest_neighbors_imputation,30.919485468224487
diabetes,missing_completely_at_random,1,k_nearest_neighbors_imputation,3.308667855273086
diabetes,missing_completely_at_random,2,k_nearest_neighbors_imputation,5.419872064033777
diabetes,missing_completely_at_random,3,k_nearest_neighbors_imputation,5.176401559788126
diabetes,missing_completely_at_random,4,k_nearest_neighbors_imputation,5.759553793184926
diabetes,missing_completely_at_random,5,constant_imputation,16.263462750389316
diabetes,missing_completely_at_random,5,mean_imputation,8.614993205844307
diabetes,missing_completely_at_random,5,median_imputation,9.748271187745086
diabetes,missing_completely_at_random,5,k_nearest_neighbors_imputation,6.782451854527246
diabetes,missing_completely_at_random,5,mice_imputation,12.283808403511907
diabetes,missing_completely_at_random,5,random_forest_imputation,9.435086309501637
diabetes,missing_completely_at_random,6,k_nearest_neighbors_imputation,8.010820213571284
diabetes,missing_completely_at_random,8,k_nearest_neighbors_imputation,9.0536315120441
diabetes,missing_completely_at_random,10,constant_imputation,21.58517438266473
diabetes,missing_completely_at_random,10,mean_imputation,11.28541834527233
diabetes,missing_completely_at_random,10,median_imputation,11.827231726362768
diabetes,missing_completely_at_random,10,k_nearest_neighbors_imputation,9.819968516182387
diabetes,missing_completely_at_random,10,mice_imputation,16.811333572529588
diabetes,missing_completely_at_random,10,random_forest_imputation,12.47685930906855
diabetes,missing_completely_at_random,15,k_nearest_neighbors_imputation,12.936108623353373
diabetes,missing_completely_at_random,20,k_nearest_neighbors_imputation,14.104893367740564
diabetes,missing_completely_at_random,25,constant_imputation,34.73881914147216
diabetes,missing_completely_at_random,25,mean_imputation,19.33608699183224
diabetes,missing_completely_at_random,25,median_imputation,19.552629456264224
diabetes,missing_completely_at_random,25,k_nearest_neighbors_imputation,17.74521660765796
diabetes,missing_completely_at_random,25,mice_imputation,27.760887530614387
diabetes,missing_completely_at_random,25,random_forest_imputation,20.809464103336268
diabetes,missing_completely_at_random,30,k_nearest_neighbors_imputation,21.957550397333772
diabetes,missing_completely_at_random,40,k_nearest_neighbors_imputation,26.60576508923633
diabetes,missing_at_random,1,k_nearest_neighbors_imputation,2.091981932140703
diabetes,missing_at_random,4,k_nearest_neighbors_imputation,3.847708270422052
diabetes,missing_at_random,2,k_nearest_neighbors_imputation,2.829910415684877
diabetes,missing_at_random,3,k_nearest_neighbors_imputation,3.5576955673737376
diabetes,missing_at_random,5,constant_imputation,14.455345381247238
diabetes,missing_at_random,5,mean_imputation,10.738121219952225
diabetes,missing_at_random,5,median_imputation,7.3530162063420725
diabetes,missing_at_random,5,k_nearest_neighbors_imputation,4.600634979524856
diabetes,missing_at_random,5,mice_imputation,11.32161644922833
diabetes,missing_at_random,5,random_forest_imputation,3.6359321645379308
diabetes,missing_at_random,6,k_nearest_neighbors_imputation,5.269504648199593
diabetes,missing_at_random,8,k_nearest_neighbors_imputation,6.534985156758183
diabetes,missing_at_random,15,k_nearest_neighbors_imputation,20.277994114312353
diabetes,missing_at_random,10,constant_imputation,20.382270398917374
diabetes,missing_at_random,10,mean_imputation,16.65265038565938
diabetes,missing_at_random,10,median_imputation,12.576709288858446
diabetes,missing_at_random,10,k_nearest_neighbors_imputation,8.556849095279324
diabetes,missing_at_random,10,mice_imputation,11.790591179605174
diabetes,missing_at_random,10,random_forest_imputation,5.96462029220024
diabetes,missing_at_random,30,k_nearest_neighbors_imputation,30.809651211462217
diabetes,missing_at_random,20,k_nearest_neighbors_imputation,22.037939808632906
diabetes,missing_at_random,25,constant_imputation,38.17233411086299
diabetes,missing_at_random,25,mean_imputation,29.236112519768334
diabetes,missing_at_random,25,median_imputation,25.333798652524788
diabetes,missing_at_random,25,k_nearest_neighbors_imputation,27.961968113757457
diabetes,missing_at_random,25,mice_imputation,37.11633213293852
diabetes,missing_at_random,25,random_forest_imputation,39.555268195816126
diabetes,missing_at_random,40,k_nearest_neighbors_imputation,40.20803838412608
diabetes,missing_not_at_random,1,k_nearest_neighbors_imputation,1.8071441460677464
diabetes,missing_not_at_random,4,k_nearest_neighbors_imputation,4.525991789533346
diabetes,missing_not_at_random,3,k_nearest_neighbors_imputation,2.850705191422587
diabetes,missing_not_at_random,2,k_nearest_neighbors_imputation,2.282343928621736
diabetes,missing_not_at_random,6,k_nearest_neighbors_imputation,4.680815817912584
diabetes,missing_not_at_random,5,constant_imputation,11.868585947213477
diabetes,missing_not_at_random,5,mean_imputation,3.68219068763169
diabetes,missing_not_at_random,5,median_imputation,3.0675321613825886
diabetes,missing_not_at_random,5,k_nearest_neighbors_imputation,4.6201931931657505
diabetes,missing_not_at_random,5,mice_imputation,7.231187087279895
diabetes,missing_not_at_random,5,random_forest_imputation,7.202420654205569
diabetes,missing_not_at_random,8,k_nearest_neighbors_imputation,5.108592190501585
diabetes,missing_not_at_random,10,constant_imputation,16.99108490783372
diabetes,missing_not_at_random,10,mean_imputation,5.954439809771362
diabetes,missing_not_at_random,10,median_imputation,4.7489546824205
diabetes,missing_not_at_random,10,k_nearest_neighbors_imputation,5.927482616961685
diabetes,missing_not_at_random,10,mice_imputation,15.231861874143778
diabetes,missing_not_at_random,10,random_forest_imputation,7.791204221264907
diabetes,missing_not_at_random,15,k_nearest_neighbors_imputation,9.175820764519775
diabetes,missing_not_at_random,20,k_nearest_neighbors_imputation,11.869388615014707
diabetes,missing_not_at_random,30,k_nearest_neighbors_imputation,17.14694305778947
diabetes,missing_not_at_random,25,constant_imputation,26.224678434588263
diabetes,missing_not_at_random,25,mean_imputation,16.0124151318843
diabetes,missing_not_at_random,25,median_imputation,12.63394007610768
diabetes,missing_not_at_random,25,k_nearest_neighbors_imputation,13.972007441940638
diabetes,missing_not_at_random,25,mice_imputation,22.60480692865432
diabetes,missing_not_at_random,25,random_forest_imputation,14.314258238987797
diabetes,missing_not_at_random,40,k_nearest_neighbors_imputation,22.35443638846646
stock,missing_completely_at_random,1,k_nearest_neighbors_imputation,0.2069259882575755
stock,missing_completely_at_random,2,k_nearest_neighbors_imputation,0.2600138591130561
stock,missing_completely_at_random,3,k_nearest_neighbors_imputation,0.3026725996992575
stock,missing_completely_at_random,4,k_nearest_neighbors_imputation,0.3242104044681973
stock,missing_completely_at_random,5,constant_imputation,9.801643066259992
stock,missing_completely_at_random,5,mean_imputation,1.9139041252741282
stock,missing_completely_at_random,5,median_imputation,1.979904979467272
stock,missing_completely_at_random,5,k_nearest_neighbors_imputation,0.38553247897824194
stock,missing_completely_at_random,5,mice_imputation,1.004982698992701
stock,missing_completely_at_random,5,random_forest_imputation,0.21620511403487375
stock,missing_completely_at_random,6,k_nearest_neighbors_imputation,0.3960615579914926
stock,missing_completely_at_random,8,k_nearest_neighbors_imputation,0.46147994409094384
stock,missing_completely_at_random,10,constant_imputation,14.163787530779896
stock,missing_completely_at_random,10,mean_imputation,2.690983940773059
stock,missing_completely_at_random,10,median_imputation,2.782194939693504
stock,missing_completely_at_random,10,k_nearest_neighbors_imputation,0.5279476518630728
stock,missing_completely_at_random,10,mice_imputation,1.4654764946944698
stock,missing_completely_at_random,10,random_forest_imputation,0.4273687225232547
stock,missing_completely_at_random,15,k_nearest_neighbors_imputation,0.7400917835314834
stock,missing_completely_at_random,20,k_nearest_neighbors_imputation,0.9218647623794713
stock,missing_completely_at_random,25,constant_imputation,22.422083151718375
stock,missing_completely_at_random,25,mean_imputation,4.074875894423968
stock,missing_completely_at_random,25,median_imputation,4.189573478619099
stock,missing_completely_at_random,25,k_nearest_neighbors_imputation,1.1937184975134016
stock,missing_completely_at_random,25,mice_imputation,2.565977916595974
stock,missing_completely_at_random,25,random_forest_imputation,0.9553517040329659
stock,missing_completely_at_random,30,k_nearest_neighbors_imputation,1.5342475379362837
stock,missing_completely_at_random,40,k_nearest_neighbors_imputation,2.453636061870605
stock,missing_at_random,1,k_nearest_neighbors_imputation,0.18948129068371974
stock,missing_at_random,2,k_nearest_neighbors_imputation,0.25895621473542096
stock,missing_at_random,3,k_nearest_neighbors_imputation,0.3337200029472634
stock,missing_at_random,4,k_nearest_neighbors_imputation,0.4681322255736437
stock,missing_at_random,6,k_nearest_neighbors_imputation,0.7051564392972606
stock,missing_at_random,5,constant_imputation,6.811250556059944
stock,missing_at_random,5,mean_imputation,2.246511878862
stock,missing_at_random,5,median_imputation,2.660448822773423
stock,missing_at_random,5,k_nearest_neighbors_imputation,0.5734032250766167
stock,missing_at_random,5,mice_imputation,0.7914484925592246
stock,missing_at_random,5,random_forest_imputation,0.45479164397617095
stock,missing_at_random,8,k_nearest_neighbors_imputation,0.9394525497556356
stock,missing_at_random,20,k_nearest_neighbors_imputation,3.064637970559417
stock,missing_at_random,15,k_nearest_neighbors_imputation,2.2231321442101755
stock,missing_at_random,10,constant_imputation,9.818433180348027
stock,missing_at_random,10,mean_imputation,3.39279391221008
stock,missing_at_random,10,median_imputation,3.7849395693801573
stock,missing_at_random,10,k_nearest_neighbors_imputation,1.1425381886076722
stock,missing_at_random,10,mice_imputation,1.4700991532777088
stock,missing_at_random,10,random_forest_imputation,1.1140825525639833
stock,missing_at_random,25,constant_imputation,16.685630384567716
stock,missing_at_random,25,mean_imputation,5.589128854680314
stock,missing_at_random,25,median_imputation,5.58657849525322
stock,missing_at_random,25,k_nearest_neighbors_imputation,3.9258759622726362
stock,missing_at_random,25,mice_imputation,4.131555574113497
stock,missing_at_random,25,random_forest_imputation,3.8825233089929094
stock,missing_at_random,30,k_nearest_neighbors_imputation,5.145400965570247
stock,missing_at_random,40,k_nearest_neighbors_imputation,6.49305005941538
stock,missing_not_at_random,3,k_nearest_neighbors_imputation,0.287454397779194
stock,missing_not_at_random,5,constant_imputation,10.05166316368293
stock,missing_not_at_random,5,mean_imputation,0.5382253076743875
stock,missing_not_at_random,5,median_imputation,0.35484005457034495
stock,missing_not_at_random,5,k_nearest_neighbors_imputation,0.4059261819877253
stock,missing_not_at_random,5,mice_imputation,1.0289212735926214
stock,missing_not_at_random,5,random_forest_imputation,0.30709666875201025
stock,missing_not_at_random,1,k_nearest_neighbors_imputation,0.16712250183354513
stock,missing_not_at_random,2,k_nearest_neighbors_imputation,0.2454508996773828
stock,missing_not_at_random,4,k_nearest_neighbors_imputation,0.34578942990183903
stock,missing_not_at_random,6,k_nearest_neighbors_imputation,0.44545742334145294
stock,missing_not_at_random,8,k_nearest_neighbors_imputation,0.5611035572771604
stock,missing_not_at_random,15,k_nearest_neighbors_imputation,1.0541488860953845
stock,missing_not_at_random,10,constant_imputation,14.158517449893804
stock,missing_not_at_random,10,mean_imputation,0.8535355203306797
stock,missing_not_at_random,10,median_imputation,0.7507923315712532
stock,missing_not_at_random,10,k_nearest_neighbors_imputation,0.6840793595760076
stock,missing_not_at_random,10,mice_imputation,1.6240788729658528
stock,missing_not_at_random,10,random_forest_imputation,0.613885900975874
stock,missing_not_at_random,30,k_nearest_neighbors_imputation,3.242814590461974
stock,missing_not_at_random,20,k_nearest_neighbors_imputation,1.7204867039451692
stock,missing_not_at_random,25,constant_imputation,22.495052140550417
stock,missing_not_at_random,25,mean_imputation,1.8825697883566435
stock,missing_not_at_random,25,median_imputation,2.603918942985251
stock,missing_not_at_random,25,k_nearest_neighbors_imputation,2.86173770332929
stock,missing_not_at_random,25,mice_imputation,3.3737958921995004
stock,missing_not_at_random,25,random_forest_imputation,2.445338021484677
stock,missing_not_at_random,40,k_nearest_neighbors_imputation,3.9670197283028465
rmftsa_ladata,missing_completely_at_random,1,k_nearest_neighbors_imputation,0.6186204534073
rmftsa_ladata,missing_completely_at_random,2,k_nearest_neighbors_imputation,0.8143954512590499
rmftsa_ladata,missing_completely_at_random,3,k_nearest_neighbors_imputation,1.0214870069894981
rmftsa_ladata,missing_completely_at_random,4,k_nearest_neighbors_imputation,1.1864556860635447
rmftsa_ladata,missing_completely_at_random,5,constant_imputation,16.250869013105184
rmftsa_ladata,missing_completely_at_random,5,mean_imputation,2.2049868937652457
rmftsa_ladata,missing_completely_at_random,5,median_imputation,2.259309825107387
rmftsa_ladata,missing_completely_at_random,5,k_nearest_neighbors_imputation,1.35692115857371
rmftsa_ladata,missing_completely_at_random,5,mice_imputation,1.5607154961648684
rmftsa_ladata,missing_completely_at_random,5,random_forest_imputation,1.182394620330363
rmftsa_ladata,missing_completely_at_random,6,k_nearest_neighbors_imputation,1.435099370948454
rmftsa_ladata,missing_completely_at_random,8,k_nearest_neighbors_imputation,1.752863287574866
rmftsa_ladata,missing_completely_at_random,10,constant_imputation,22.202787008501478
rmftsa_ladata,missing_completely_at_random,10,mean_imputation,2.9349004296326955
rmftsa_ladata,missing_completely_at_random,10,median_imputation,2.9544900385337693
rmftsa_ladata,missing_completely_at_random,10,k_nearest_neighbors_imputation,1.9422341120182425
rmftsa_ladata,missing_completely_at_random,10,mice_imputation,2.180666472445226
rmftsa_ladata,missing_completely_at_random,10,random_forest_imputation,1.7138873076326036
rmftsa_ladata,missing_completely_at_random,15,k_nearest_neighbors_imputation,2.5162939648788307
rmftsa_ladata,missing_completely_at_random,20,k_nearest_neighbors_imputation,2.9231087557084865
rmftsa_ladata,missing_completely_at_random,25,constant_imputation,35.26839174110349
rmftsa_ladata,missing_completely_at_random,25,mean_imputation,4.900238346718606
rmftsa_ladata,missing_completely_at_random,25,median_imputation,4.939769104832241
rmftsa_ladata,missing_completely_at_random,25,k_nearest_neighbors_imputation,3.4362989772893324
rmftsa_ladata,missing_completely_at_random,25,mice_imputation,3.7070982171365627
rmftsa_ladata,missing_completely_at_random,25,random_forest_imputation,2.8427907019102925
rmftsa_ladata,missing_completely_at_random,30,k_nearest_neighbors_imputation,3.9287416322978066
rmftsa_ladata,missing_completely_at_random,40,k_nearest_neighbors_imputation,4.8833960538007215
rmftsa_ladata,missing_at_random,1,k_nearest_neighbors_imputation,0.6533339444510387
rmftsa_ladata,missing_at_random,2,k_nearest_neighbors_imputation,0.8839832344083813
rmftsa_ladata,missing_at_random,3,k_nearest_neighbors_imputation,1.025480849762673
rmftsa_ladata,missing_at_random,6,k_nearest_neighbors_imputation,1.5468708963910065
rmftsa_ladata,missing_at_random,4,k_nearest_neighbors_imputation,1.2086451479750224
rmftsa_ladata,missing_at_random,5,constant_imputation,10.46766108557027
rmftsa_ladata,missing_at_random,5,mean_imputation,2.7727386144100223
rmftsa_ladata,missing_at_random,5,median_imputation,2.5432432754787184
rmftsa_ladata,missing_at_random,5,k_nearest_neighbors_imputation,1.3899532201787066
rmftsa_ladata,missing_at_random,5,mice_imputation,0.9700268788385666
rmftsa_ladata,missing_at_random,5,random_forest_imputation,0.8711092964575966
rmftsa_ladata,missing_at_random,8,k_nearest_neighbors_imputation,1.8159974585492342
rmftsa_ladata,missing_at_random,10,constant_imputation,15.260470881838248
rmftsa_ladata,missing_at_random,10,mean_imputation,3.862327144041438
rmftsa_ladata,missing_at_random,10,median_imputation,3.5830833453664623
rmftsa_ladata,missing_at_random,10,k_nearest_neighbors_imputation,2.1076904617739207
rmftsa_ladata,missing_at_random,10,mice_imputation,1.403730729388625
rmftsa_ladata,missing_at_random,10,random_forest_imputation,1.4138277855870949
rmftsa_ladata,missing_at_random,15,k_nearest_neighbors_imputation,2.85267733512543
rmftsa_ladata,missing_at_random,20,k_nearest_neighbors_imputation,3.56127499153645
rmftsa_ladata,missing_at_random,30,k_nearest_neighbors_imputation,5.256677866179471
rmftsa_ladata,missing_at_random,25,constant_imputation,25.68074925356364
rmftsa_ladata,missing_at_random,25,mean_imputation,6.405490659341301
rmftsa_ladata,missing_at_random,25,median_imputation,6.315332707365814
rmftsa_ladata,missing_at_random,25,k_nearest_neighbors_imputation,4.329472220196879
rmftsa_ladata,missing_at_random,25,mice_imputation,3.0303445563039952
rmftsa_ladata,missing_at_random,25,random_forest_imputation,3.1625333568861818
rmftsa_ladata,missing_at_random,40,k_nearest_neighbors_imputation,7.742865573260297
rmftsa_ladata,missing_not_at_random,1,k_nearest_neighbors_imputation,0.3754516962476883
rmftsa_ladata,missing_not_at_random,2,k_nearest_neighbors_imputation,0.5629929472023576
rmftsa_ladata,missing_not_at_random,3,k_nearest_neighbors_imputation,0.6859301392523844
rmftsa_ladata,missing_not_at_random,4,k_nearest_neighbors_imputation,0.7565315988050759
rmftsa_ladata,missing_not_at_random,5,constant_imputation,15.542203119730507
rmftsa_ladata,missing_not_at_random,5,mean_imputation,0.3840661395735713
rmftsa_ladata,missing_not_at_random,5,median_imputation,0.19597831512695454
rmftsa_ladata,missing_not_at_random,5,k_nearest_neighbors_imputation,0.8628578404555538
rmftsa_ladata,missing_not_at_random,5,mice_imputation,1.4028509498166848
rmftsa_ladata,missing_not_at_random,5,random_forest_imputation,0.9266045076074189
rmftsa_ladata,missing_not_at_random,6,k_nearest_neighbors_imputation,0.9190899465661464
rmftsa_ladata,missing_not_at_random,8,k_nearest_neighbors_imputation,1.247789200457965
rmftsa_ladata,missing_not_at_random,15,k_nearest_neighbors_imputation,1.7554274451850123
rmftsa_ladata,missing_not_at_random,20,k_nearest_neighbors_imputation,2.0299354138834804
rmftsa_ladata,missing_not_at_random,10,constant_imputation,22.196159478843096
rmftsa_ladata,missing_not_at_random,10,mean_imputation,0.6341630858772019
rmftsa_ladata,missing_not_at_random,10,median_imputation,0.5068000195762816
rmftsa_ladata,missing_not_at_random,10,k_nearest_neighbors_imputation,1.345095664867114
rmftsa_ladata,missing_not_at_random,10,mice_imputation,2.0951565207536866
rmftsa_ladata,missing_not_at_random,10,random_forest_imputation,1.4126780461754838
rmftsa_ladata,missing_not_at_random,25,constant_imputation,34.96593173204118
rmftsa_ladata,missing_not_at_random,25,mean_imputation,1.513426545612027
rmftsa_ladata,missing_not_at_random,25,median_imputation,2.038187302559547
rmftsa_ladata,missing_not_at_random,25,k_nearest_neighbors_imputation,2.28252683818644
rmftsa_ladata,missing_not_at_random,25,mice_imputation,4.0120453651237575
rmftsa_ladata,missing_not_at_random,25,random_forest_imputation,3.043879831277699
rmftsa_ladata,missing_not_at_random,30,k_nearest_neighbors_imputation,2.5938791177903266
rmftsa_ladata,missing_not_at_random,40,k_nearest_neighbors_imputation,3.443985983150468
treasury,missing_completely_at_random,1,k_nearest_neighbors_imputation,0.7195353447289324
treasury,missing_completely_at_random,2,k_nearest_neighbors_imputation,0.9583915852598849
treasury,missing_completely_at_random,3,k_nearest_neighbors_imputation,1.30392642110807
treasury,missing_completely_at_random,4,k_nearest_neighbors_imputation,1.4975316145072786
treasury,missing_completely_at_random,5,constant_imputation,216.68724272620264
treasury,missing_completely_at_random,5,mean_imputation,71.43685542906002
treasury,missing_completely_at_random,5,median_imputation,71.8342122939185
treasury,missing_completely_at_random,5,k_nearest_neighbors_imputation,1.7990244179968649
treasury,missing_completely_at_random,5,mice_imputation,6.8593986865453696
treasury,missing_completely_at_random,5,random_forest_imputation,1.0611709591105745
treasury,missing_completely_at_random,6,k_nearest_neighbors_imputation,1.9494348596050146
treasury,missing_completely_at_random,8,k_nearest_neighbors_imputation,2.9672003011893344
treasury,missing_completely_at_random,10,constant_imputation,303.2805362284067
treasury,missing_completely_at_random,10,mean_imputation,100.59059822858966
treasury,missing_completely_at_random,10,median_imputation,100.68097632561096
treasury,missing_completely_at_random,10,k_nearest_neighbors_imputation,4.172014920312674
treasury,missing_completely_at_random,10,mice_imputation,11.403553381052134
treasury,missing_completely_at_random,10,random_forest_imputation,1.3361995227275985
treasury,missing_completely_at_random,15,k_nearest_neighbors_imputation,7.012040105761131
treasury,missing_completely_at_random,20,k_nearest_neighbors_imputation,16.760231338019523
treasury,missing_completely_at_random,25,constant_imputation,480.9330140368757
treasury,missing_completely_at_random,25,mean_imputation,166.67337535196376
treasury,missing_completely_at_random,25,median_imputation,166.74550151756256
treasury,missing_completely_at_random,25,k_nearest_neighbors_imputation,28.24356726844409
treasury,missing_completely_at_random,25,mice_imputation,26.4129162392656
treasury,missing_completely_at_random,25,random_forest_imputation,5.1596720862020335
treasury,missing_completely_at_random,30,k_nearest_neighbors_imputation,49.151428180807436
treasury,missing_completely_at_random,40,k_nearest_neighbors_imputation,87.69934642217683
treasury,missing_at_random,1,k_nearest_neighbors_imputation,1.1715779693471757
treasury,missing_at_random,2,k_nearest_neighbors_imputation,3.740335382243151
treasury,missing_at_random,3,k_nearest_neighbors_imputation,4.836150122870515
treasury,missing_at_random,4,k_nearest_neighbors_imputation,7.389765586948025
treasury,missing_at_random,5,constant_imputation,83.3847528494636
treasury,missing_at_random,5,mean_imputation,101.53746133381952
treasury,missing_at_random,5,median_imputation,102.8448687244166
treasury,missing_at_random,5,k_nearest_neighbors_imputation,10.726560938502226
treasury,missing_at_random,5,mice_imputation,10.342492307188117
treasury,missing_at_random,5,random_forest_imputation,10.461329923981765
treasury,missing_at_random,8,k_nearest_neighbors_imputation,18.56836150507787
treasury,missing_at_random,6,k_nearest_neighbors_imputation,13.40195500075513
treasury,missing_at_random,10,constant_imputation,128.5507006457412
treasury,missing_at_random,10,mean_imputation,149.14054441508122
treasury,missing_at_random,10,median_imputation,140.30052642292108
treasury,missing_at_random,10,k_nearest_neighbors_imputation,30.280956121253897
treasury,missing_at_random,10,mice_imputation,29.12395853611719
treasury,missing_at_random,10,random_forest_imputation,32.26867757257045
treasury,missing_at_random,20,k_nearest_neighbors_imputation,110.73043252705637
treasury,missing_at_random,15,k_nearest_neighbors_imputation,67.26626673165242
treasury,missing_at_random,25,constant_imputation,282.1891676801265
treasury,missing_at_random,25,mean_imputation,243.36103643271437
treasury,missing_at_random,25,median_imputation,224.0216036633689
treasury,missing_at_random,25,k_nearest_neighbors_imputation,148.7872101369626
treasury,missing_at_random,25,mice_imputation,146.84771095731537
treasury,missing_at_random,25,random_forest_imputation,145.3879368232796
treasury,missing_at_random,30,k_nearest_neighbors_imputation,164.08435781978181
treasury,missing_at_random,40,k_nearest_neighbors_imputation,273.34506473709644
treasury,missing_not_at_random,1,k_nearest_neighbors_imputation,2.324060315399236
treasury,missing_not_at_random,2,k_nearest_neighbors_imputation,5.959738065769892
treasury,missing_not_at_random,3,k_nearest_neighbors_imputation,8.526992632012036
treasury,missing_not_at_random,5,constant_imputation,206.99117976138524
treasury,missing_not_at_random,5,mean_imputation,6.194792775738657
treasury,missing_not_at_random,5,median_imputation,7.264605587839574
treasury,missing_not_at_random,5,k_nearest_neighbors_imputation,11.76583098591821
treasury,missing_not_at_random,5,mice_imputation,12.078074377824601
treasury,missing_not_at_random,5,random_forest_imputation,7.00107473560332
treasury,missing_not_at_random,4,k_nearest_neighbors_imputation,10.195412097172575
treasury,missing_not_at_random,6,k_nearest_neighbors_imputation,14.745933435686462
treasury,missing_not_at_random,8,k_nearest_neighbors_imputation,20.919631734182737
treasury,missing_not_at_random,10,constant_imputation,295.91895184138883
treasury,missing_not_at_random,10,mean_imputation,13.218479682405102
treasury,missing_not_at_random,10,median_imputation,23.38354584230135
treasury,missing_not_at_random,10,k_nearest_neighbors_imputation,23.93195759803863
treasury,missing_not_at_random,10,mice_imputation,19.529447552372236
treasury,missing_not_at_random,10,random_forest_imputation,14.354721257387258
treasury,missing_not_at_random,20,k_nearest_neighbors_imputation,70.39616405261019
treasury,missing_not_at_random,15,k_nearest_neighbors_imputation,36.72662986372018
treasury,missing_not_at_random,25,constant_imputation,472.4552210221352
treasury,missing_not_at_random,25,mean_imputation,36.24834956890339
treasury,missing_not_at_random,25,median_imputation,90.70797127691249
treasury,missing_not_at_random,25,k_nearest_neighbors_imputation,117.04687339370646
treasury,missing_not_at_random,25,mice_imputation,60.257163447452584
treasury,missing_not_at_random,25,random_forest_imputation,49.09588879346655
treasury,missing_not_at_random,40,k_nearest_neighbors_imputation,177.9471892241974
treasury,missing_not_at_random,30,k_nearest_neighbors_imputation,143.0616886798185
weather_izmir,missing_completely_at_random,1,k_nearest_neighbors_imputation,0.390313577705546
weather_izmir,missing_completely_at_random,2,k_nearest_neighbors_imputation,0.5214644730051994
weather_izmir,missing_completely_at_random,3,k_nearest_neighbors_imputation,0.6393411574422682
weather_izmir,missing_completely_at_random,4,k_nearest_neighbors_imputation,0.7785238665960319
weather_izmir,missing_completely_at_random,5,constant_imputation,8.730753709250086
weather_izmir,missing_completely_at_random,5,mean_imputation,1.9295383636777697
weather_izmir,missing_completely_at_random,5,median_imputation,1.964564286929327
weather_izmir,missing_completely_at_random,5,k_nearest_neighbors_imputation,0.8850758729700712
weather_izmir,missing_completely_at_random,5,mice_imputation,1.082235934287913
weather_izmir,missing_completely_at_random,5,random_forest_imputation,0.6657290548649167
weather_izmir,missing_completely_at_random,6,k_nearest_neighbors_imputation,0.973082253829768
weather_izmir,missing_completely_at_random,8,k_nearest_neighbors_imputation,1.2313252865495627
weather_izmir,missing_completely_at_random,10,constant_imputation,12.161249767537631
weather_izmir,missing_completely_at_random,10,mean_imputation,2.6580878220049446
weather_izmir,missing_completely_at_random,10,median_imputation,2.6842314857516127
weather_izmir,missing_completely_at_random,10,k_nearest_neighbors_imputation,1.4423372344027308
weather_izmir,missing_completely_at_random,10,mice_imputation,1.5318898303695956
weather_izmir,missing_completely_at_random,10,random_forest_imputation,1.0269331394677614
weather_izmir,missing_completely_at_random,15,k_nearest_neighbors_imputation,2.1284873877838577
weather_izmir,missing_completely_at_random,20,k_nearest_neighbors_imputation,2.7525296335903304
weather_izmir,missing_completely_at_random,25,constant_imputation,19.261919272975817
weather_izmir,missing_completely_at_random,25,mean_imputation,4.246848675787728
weather_izmir,missing_completely_at_random,25,median_imputation,4.290373568119601
weather_izmir,missing_completely_at_random,25,k_nearest_neighbors_imputation,3.3151201010797657
weather_izmir,missing_completely_at_random,25,mice_imputation,2.9295919682880407
weather_izmir,missing_completely_at_random,25,random_forest_imputation,2.0040933266044583
weather_izmir,missing_completely_at_random,30,k_nearest_neighbors_imputation,3.885703665533629
weather_izmir,missing_completely_at_random,40,k_nearest_neighbors_imputation,4.910885686339247
weather_izmir,missing_at_random,1,k_nearest_neighbors_imputation,0.5857967385097834
weather_izmir,missing_at_random,2,k_nearest_neighbors_imputation,0.8674036858469562
weather_izmir,missing_at_random,4,k_nearest_neighbors_imputation,1.4463902903041166
weather_izmir,missing_at_random,3,k_nearest_neighbors_imputation,1.122551762828995
weather_izmir,missing_at_random,5,constant_imputation,10.506421874301743
weather_izmir,missing_at_random,5,mean_imputation,2.3687922200611253
weather_izmir,missing_at_random,5,median_imputation,2.3791094311315866
weather_izmir,missing_at_random,5,k_nearest_neighbors_imputation,1.640149123583001
weather_izmir,missing_at_random,5,mice_imputation,1.984171011629767
weather_izmir,missing_at_random,5,random_forest_imputation,1.6815398624091609
weather_izmir,missing_at_random,6,k_nearest_neighbors_imputation,1.8141736670662412
weather_izmir,missing_at_random,10,constant_imputation,14.492674346958035
weather_izmir,missing_at_random,10,mean_imputation,3.3213907847036133
weather_izmir,missing_at_random,10,median_imputation,3.2885677650142595
weather_izmir,missing_at_random,10,k_nearest_neighbors_imputation,2.689742002471612
weather_izmir,missing_at_random,10,mice_imputation,2.738635982360866
weather_izmir,missing_at_random,10,random_forest_imputation,1.9713864738383973
weather_izmir,missing_at_random,8,k_nearest_neighbors_imputation,2.233752247971168
weather_izmir,missing_at_random,20,k_nearest_neighbors_imputation,4.409358810176738
weather_izmir,missing_at_random,15,k_nearest_neighbors_imputation,3.65299871619141
weather_izmir,missing_at_random,25,constant_imputation,22.40879962410305
weather_izmir,missing_at_random,25,mean_imputation,5.3608883488450765
weather_izmir,missing_at_random,25,median_imputation,5.277510147278519
weather_izmir,missing_at_random,25,k_nearest_neighbors_imputation,5.07964810499257
weather_izmir,missing_at_random,25,mice_imputation,4.865944404131865
weather_izmir,missing_at_random,25,random_forest_imputation,3.7654278780606156
weather_izmir,missing_at_random,30,k_nearest_neighbors_imputation,5.51683408180208
weather_izmir,missing_at_random,40,k_nearest_neighbors_imputation,7.029064151603276
weather_izmir,missing_not_at_random,1,k_nearest_neighbors_imputation,0.3295013895148524
weather_izmir,missing_not_at_random,3,k_nearest_neighbors_imputation,0.4795471553318465
weather_izmir,missing_not_at_random,5,constant_imputation,8.32443050241854
weather_izmir,missing_not_at_random,5,mean_imputation,0.2315307803976136
weather_izmir,missing_not_at_random,5,median_imputation,0.2976585688697171
weather_izmir,missing_not_at_random,5,k_nearest_neighbors_imputation,0.6270864060818654
weather_izmir,missing_not_at_random,5,mice_imputation,1.1313773265833342
weather_izmir,missing_not_at_random,5,random_forest_imputation,0.7123404046611511
weather_izmir,missing_not_at_random,2,k_nearest_neighbors_imputation,0.4019577758178139
weather_izmir,missing_not_at_random,4,k_nearest_neighbors_imputation,0.5721791061469182
weather_izmir,missing_not_at_random,8,k_nearest_neighbors_imputation,0.7958789594595467
weather_izmir,missing_not_at_random,6,k_nearest_neighbors_imputation,0.6938538694635099
weather_izmir,missing_not_at_random,10,constant_imputation,11.769611692989576
weather_izmir,missing_not_at_random,10,mean_imputation,0.4336899729080506
weather_izmir,missing_not_at_random,10,median_imputation,0.6943409879587337
weather_izmir,missing_not_at_random,10,k_nearest_neighbors_imputation,0.895769086988839
weather_izmir,missing_not_at_random,10,mice_imputation,1.6526248293326382
weather_izmir,missing_not_at_random,10,random_forest_imputation,1.2006111561347275
weather_izmir,missing_not_at_random,15,k_nearest_neighbors_imputation,1.0977700989997303
weather_izmir,missing_not_at_random,25,constant_imputation,18.509116631924446
weather_izmir,missing_not_at_random,25,mean_imputation,1.2441582090913361
weather_izmir,missing_not_at_random,25,median_imputation,2.328496432174425
weather_izmir,missing_not_at_random,25,k_nearest_neighbors_imputation,1.8267856346512945
weather_izmir,missing_not_at_random,25,mice_imputation,3.49011616823088
weather_izmir,missing_not_at_random,25,random_forest_imputation,2.725957164603472
weather_izmir,missing_not_at_random,20,k_nearest_neighbors_imputation,1.3990651741034588
weather_izmir,missing_not_at_random,30,k_nearest_neighbors_imputation,2.284338585518444
weather_izmir,missing_not_at_random,40,k_nearest_neighbors_imputation,3.3522204698588727
hungarian-chickenpox,missing_completely_at_random,1,k_nearest_neighbors_imputation,1.6616559879257669
hungarian-chickenpox,missing_completely_at_random,2,k_nearest_neighbors_imputation,2.800174877888723
hungarian-chickenpox,missing_completely_at_random,3,k_nearest_neighbors_imputation,3.868530409907238
hungarian-chickenpox,missing_completely_at_random,4,k_nearest_neighbors_imputation,4.760589340665721
hungarian-chickenpox,missing_completely_at_random,5,constant_imputation,13.180096453696219
hungarian-chickenpox,missing_completely_at_random,5,mean_imputation,8.603065144051811
hungarian-chickenpox,missing_completely_at_random,5,median_imputation,8.908673504037095
hungarian-chickenpox,missing_completely_at_random,5,k_nearest_neighbors_imputation,5.115146667326737
hungarian-chickenpox,missing_completely_at_random,5,mice_imputation,7.889997005856592
hungarian-chickenpox,missing_completely_at_random,5,random_forest_imputation,5.523670584867594
hungarian-chickenpox,missing_completely_at_random,6,k_nearest_neighbors_imputation,5.809821848829691
hungarian-chickenpox,missing_completely_at_random,8,k_nearest_neighbors_imputation,6.8341497391161
hungarian-chickenpox,missing_completely_at_random,10,constant_imputation,18.484618748251187
hungarian-chickenpox,missing_completely_at_random,10,mean_imputation,12.344904879486537
hungarian-chickenpox,missing_completely_at_random,10,median_imputation,12.740447928152356
hungarian-chickenpox,missing_completely_at_random,10,k_nearest_neighbors_imputation,7.703942989630277
hungarian-chickenpox,missing_completely_at_random,10,mice_imputation,11.117859802958236
hungarian-chickenpox,missing_completely_at_random,10,random_forest_imputation,7.800602636935675
hungarian-chickenpox,missing_completely_at_random,15,k_nearest_neighbors_imputation,9.425847957078036
hungarian-chickenpox,missing_completely_at_random,20,k_nearest_neighbors_imputation,11.188323274957208
hungarian-chickenpox,missing_completely_at_random,25,constant_imputation,29.216512415090705
hungarian-chickenpox,missing_completely_at_random,25,mean_imputation,19.12274681433488
hungarian-chickenpox,missing_completely_at_random,25,median_imputation,19.637534433341923
hungarian-chickenpox,missing_completely_at_random,25,k_nearest_neighbors_imputation,12.958508097121493
hungarian-chickenpox,missing_completely_at_random,25,mice_imputation,17.786182272464472
hungarian-chickenpox,missing_completely_at_random,25,random_forest_imputation,12.968868643855593
hungarian-chickenpox,missing_completely_at_random,30,k_nearest_neighbors_imputation,14.410890207423213
hungarian-chickenpox,missing_completely_at_random,40,k_nearest_neighbors_imputation,17.044249603295484
hungarian-chickenpox,missing_at_random,1,k_nearest_neighbors_imputation,0.7595982668034132
hungarian-chickenpox,missing_at_random,2,k_nearest_neighbors_imputation,0.8908345164233269
hungarian-chickenpox,missing_at_random,3,k_nearest_neighbors_imputation,1.088663804573986
hungarian-chickenpox,missing_at_random,4,k_nearest_neighbors_imputation,1.5960573142334924
hungarian-chickenpox,missing_at_random,5,constant_imputation,2.2494571503508056
hungarian-chickenpox,missing_at_random,5,mean_imputation,9.288409185691679
hungarian-chickenpox,missing_at_random,5,median_imputation,8.08685490300291
hungarian-chickenpox,missing_at_random,5,k_nearest_neighbors_imputation,1.7550268874219337
hungarian-chickenpox,missing_at_random,5,mice_imputation,2.8761471141480617
hungarian-chickenpox,missing_at_random,5,random_forest_imputation,1.8223437624134828
hungarian-chickenpox,missing_at_random,6,k_nearest_neighbors_imputation,1.904715892632182
hungarian-chickenpox,missing_at_random,8,k_nearest_neighbors_imputation,2.4655693642614245
hungarian-chickenpox,missing_at_random,10,constant_imputation,4.21551822078043
hungarian-chickenpox,missing_at_random,10,mean_imputation,14.125851352544725
hungarian-chickenpox,missing_at_random,10,median_imputation,12.505741976207526
hungarian-chickenpox,missing_at_random,10,k_nearest_neighbors_imputation,3.263220577644373
hungarian-chickenpox,missing_at_random,10,mice_imputation,4.99002837083743
hungarian-chickenpox,missing_at_random,10,random_forest_imputation,3.3368377907982554
hungarian-chickenpox,missing_at_random,15,k_nearest_neighbors_imputation,5.505397786220569
hungarian-chickenpox,missing_at_random,20,k_nearest_neighbors_imputation,8.688268332521917
hungarian-chickenpox,missing_at_random,25,constant_imputation,14.651700174643993
hungarian-chickenpox,missing_at_random,25,mean_imputation,25.188490560914452
hungarian-chickenpox,missing_at_random,25,median_imputation,22.393954010964894
hungarian-chickenpox,missing_at_random,25,k_nearest_neighbors_imputation,11.913032349542616
hungarian-chickenpox,missing_at_random,25,mice_imputation,16.910934139975534
hungarian-chickenpox,missing_at_random,25,random_forest_imputation,15.044707577629318
hungarian-chickenpox,missing_at_random,30,k_nearest_neighbors_imputation,18.376447169095655
hungarian-chickenpox,missing_at_random,40,k_nearest_neighbors_imputation,26.44149976418914
hungarian-chickenpox,missing_not_at_random,2,k_nearest_neighbors_imputation,2.8325309759155175
hungarian-chickenpox,missing_not_at_random,1,k_nearest_neighbors_imputation,2.1206121800497812
hungarian-chickenpox,missing_not_at_random,3,k_nearest_neighbors_imputation,3.4833914086197377
hungarian-chickenpox,missing_not_at_random,4,k_nearest_neighbors_imputation,4.136316437124733
hungarian-chickenpox,missing_not_at_random,5,constant_imputation,8.19300234079802
hungarian-chickenpox,missing_not_at_random,5,mean_imputation,2.1771060253209913
hungarian-chickenpox,missing_not_at_random,5,median_imputation,0.7436512901752476
hungarian-chickenpox,missing_not_at_random,5,k_nearest_neighbors_imputation,4.658558642957325
hungarian-chickenpox,missing_not_at_random,5,mice_imputation,7.250201476920396
hungarian-chickenpox,missing_not_at_random,5,random_forest_imputation,5.385005414427545
hungarian-chickenpox,missing_not_at_random,6,k_nearest_neighbors_imputation,5.135798274646503
hungarian-chickenpox,missing_not_at_random,8,k_nearest_neighbors_imputation,6.141154505178213
hungarian-chickenpox,missing_not_at_random,20,k_nearest_neighbors_imputation,10.700891367839676
hungarian-chickenpox,missing_not_at_random,10,constant_imputation,11.568027181570901
hungarian-chickenpox,missing_not_at_random,10,mean_imputation,3.4193387422904666
hungarian-chickenpox,missing_not_at_random,10,median_imputation,1.9905427743202273
hungarian-chickenpox,missing_not_at_random,10,k_nearest_neighbors_imputation,7.018900927870976
hungarian-chickenpox,missing_not_at_random,10,mice_imputation,11.303349451037093
hungarian-chickenpox,missing_not_at_random,10,random_forest_imputation,8.203019665788814
hungarian-chickenpox,missing_not_at_random,15,k_nearest_neighbors_imputation,9.02949962632421
hungarian-chickenpox,missing_not_at_random,25,constant_imputation,18.84199526166518
hungarian-chickenpox,missing_not_at_random,25,mean_imputation,7.340449543733539
hungarian-chickenpox,missing_not_at_random,25,median_imputation,7.894639652893737
hungarian-chickenpox,missing_not_at_random,25,k_nearest_neighbors_imputation,12.63047142670389
hungarian-chickenpox,missing_not_at_random,25,mice_imputation,19.244355295202002
hungarian-chickenpox,missing_not_at_random,25,random_forest_imputation,15.05638595920746
hungarian-chickenpox,missing_not_at_random,30,k_nearest_neighbors_imputation,14.783089491971777
hungarian-chickenpox,missing_not_at_random,40,k_nearest_neighbors_imputation,19.04916842019696
cnn-stock-pred-dji,missing_completely_at_random,1,k_nearest_neighbors_imputation,1.6616559879257669
cnn-stock-pred-dji,missing_completely_at_random,2,k_nearest_neighbors_imputation,2.800174877888723
cnn-stock-pred-dji,missing_completely_at_random,3,k_nearest_neighbors_imputation,3.868530409907238
cnn-stock-pred-dji,missing_completely_at_random,4,k_nearest_neighbors_imputation,4.760589340665721
cnn-stock-pred-dji,missing_completely_at_random,5,constant_imputation,13.180096453696219
cnn-stock-pred-dji,missing_completely_at_random,5,mean_imputation,8.603065144051811
cnn-stock-pred-dji,missing_completely_at_random,5,median_imputation,8.908673504037095
cnn-stock-pred-dji,missing_completely_at_random,5,k_nearest_neighbors_imputation,5.115146667326737
cnn-stock-pred-dji,missing_completely_at_random,5,mice_imputation,7.889997005856592
cnn-stock-pred-dji,missing_completely_at_random,5,random_forest_imputation,5.523670584867594
cnn-stock-pred-dji,missing_completely_at_random,6,k_nearest_neighbors_imputation,5.809821848829691
cnn-stock-pred-dji,missing_completely_at_random,8,k_nearest_neighbors_imputation,6.8341497391161
cnn-stock-pred-dji,missing_completely_at_random,10,constant_imputation,18.484618748251187
cnn-stock-pred-dji,missing_completely_at_random,10,mean_imputation,12.344904879486537
cnn-stock-pred-dji,missing_completely_at_random,10,median_imputation,12.740447928152356
cnn-stock-pred-dji,missing_completely_at_random,10,k_nearest_neighbors_imputation,7.703942989630277
cnn-stock-pred-dji,missing_completely_at_random,10,mice_imputation,11.117859802958236
cnn-stock-pred-dji,missing_completely_at_random,10,random_forest_imputation,7.800602636935675
cnn-stock-pred-dji,missing_completely_at_random,15,k_nearest_neighbors_imputation,9.425847957078036
cnn-stock-pred-dji,missing_completely_at_random,20,k_nearest_neighbors_imputation,11.188323274957208
cnn-stock-pred-dji,missing_completely_at_random,25,constant_imputation,29.216512415090705
cnn-stock-pred-dji,missing_completely_at_random,25,mean_imputation,19.12274681433488
cnn-stock-pred-dji,missing_completely_at_random,25,median_imputation,19.637534433341923
cnn-stock-pred-dji,missing_completely_at_random,25,k_nearest_neighbors_imputation,12.958508097121493
cnn-stock-pred-dji,missing_completely_at_random,25,mice_imputation,17.786182272464472
cnn-stock-pred-dji,missing_completely_at_random,25,random_forest_imputation,12.968868643855593
cnn-stock-pred-dji,missing_completely_at_random,30,k_nearest_neighbors_imputation,14.410890207423213
cnn-stock-pred-dji,missing_completely_at_random,40,k_nearest_neighbors_imputation,17.044249603295484
cnn-stock-pred-dji,missing_at_random,1,k_nearest_neighbors_imputation,0.7595982668034132
cnn-stock-pred-dji,missing_at_random,2,k_nearest_neighbors_imputation,0.8908345164233269
cnn-stock-pred-dji,missing_at_random,4,k_nearest_neighbors_imputation,1.5960573142334924
cnn-stock-pred-dji,missing_at_random,3,k_nearest_neighbors_imputation,1.088663804573986
cnn-stock-pred-dji,missing_at_random,5,constant_imputation,2.2494571503508056
cnn-stock-pred-dji,missing_at_random,5,mean_imputation,9.288409185691679
cnn-stock-pred-dji,missing_at_random,5,median_imputation,8.08685490300291
cnn-stock-pred-dji,missing_at_random,5,k_nearest_neighbors_imputation,1.7550268874219337
cnn-stock-pred-dji,missing_at_random,5,mice_imputation,2.8761471141480617
cnn-stock-pred-dji,missing_at_random,5,random_forest_imputation,1.8223437624134828
cnn-stock-pred-dji,missing_at_random,6,k_nearest_neighbors_imputation,1.904715892632182
cnn-stock-pred-dji,missing_at_random,8,k_nearest_neighbors_imputation,2.4655693642614245
cnn-stock-pred-dji,missing_at_random,10,constant_imputation,4.21551822078043
cnn-stock-pred-dji,missing_at_random,10,mean_imputation,14.125851352544725
cnn-stock-pred-dji,missing_at_random,10,median_imputation,12.505741976207526
cnn-stock-pred-dji,missing_at_random,10,k_nearest_neighbors_imputation,3.263220577644373
cnn-stock-pred-dji,missing_at_random,10,mice_imputation,4.99002837083743
cnn-stock-pred-dji,missing_at_random,10,random_forest_imputation,3.3368377907982554
cnn-stock-pred-dji,missing_at_random,15,k_nearest_neighbors_imputation,5.505397786220569
cnn-stock-pred-dji,missing_at_random,20,k_nearest_neighbors_imputation,8.688268332521917
cnn-stock-pred-dji,missing_at_random,25,constant_imputation,14.651700174643993
cnn-stock-pred-dji,missing_at_random,25,mean_imputation,25.188490560914452
cnn-stock-pred-dji,missing_at_random,25,median_imputation,22.393954010964894
cnn-stock-pred-dji,missing_at_random,25,k_nearest_neighbors_imputation,11.913032349542616
cnn-stock-pred-dji,missing_at_random,25,mice_imputation,16.910934139975534
cnn-stock-pred-dji,missing_at_random,25,random_forest_imputation,15.044707577629318
cnn-stock-pred-dji,missing_at_random,30,k_nearest_neighbors_imputation,18.376447169095655
cnn-stock-pred-dji,missing_at_random,40,k_nearest_neighbors_imputation,26.44149976418914
cnn-stock-pred-dji,missing_not_at_random,1,k_nearest_neighbors_imputation,2.1206121800497812
cnn-stock-pred-dji,missing_not_at_random,2,k_nearest_neighbors_imputation,2.8325309759155175
cnn-stock-pred-dji,missing_not_at_random,3,k_nearest_neighbors_imputation,3.4833914086197377
cnn-stock-pred-dji,missing_not_at_random,4,k_nearest_neighbors_imputation,4.136316437124733
cnn-stock-pred-dji,missing_not_at_random,5,constant_imputation,8.19300234079802
cnn-stock-pred-dji,missing_not_at_random,5,mean_imputation,2.1771060253209913
cnn-stock-pred-dji,missing_not_at_random,5,median_imputation,0.7436512901752476
cnn-stock-pred-dji,missing_not_at_random,5,k_nearest_neighbors_imputation,4.658558642957325
cnn-stock-pred-dji,missing_not_at_random,5,mice_imputation,7.250201476920396
cnn-stock-pred-dji,missing_not_at_random,5,random_forest_imputation,5.385005414427545
cnn-stock-pred-dji,missing_not_at_random,6,k_nearest_neighbors_imputation,5.135798274646503
cnn-stock-pred-dji,missing_not_at_random,10,constant_imputation,11.568027181570901
cnn-stock-pred-dji,missing_not_at_random,10,mean_imputation,3.4193387422904666
cnn-stock-pred-dji,missing_not_at_random,10,median_imputation,1.9905427743202273
cnn-stock-pred-dji,missing_not_at_random,10,k_nearest_neighbors_imputation,7.018900927870976
cnn-stock-pred-dji,missing_not_at_random,10,mice_imputation,11.303349451037093
cnn-stock-pred-dji,missing_not_at_random,10,random_forest_imputation,8.203019665788814
cnn-stock-pred-dji,missing_not_at_random,8,k_nearest_neighbors_imputation,6.141154505178213
cnn-stock-pred-dji,missing_not_at_random,20,k_nearest_neighbors_imputation,10.700891367839676
cnn-stock-pred-dji,missing_not_at_random,15,k_nearest_neighbors_imputation,9.02949962632421
cnn-stock-pred-dji,missing_not_at_random,25,constant_imputation,18.84199526166518
cnn-stock-pred-dji,missing_not_at_random,25,mean_imputation,7.340449543733539
cnn-stock-pred-dji,missing_not_at_random,25,median_imputation,7.894639652893737
cnn-stock-pred-dji,missing_not_at_random,25,k_nearest_neighbors_imputation,12.63047142670389
cnn-stock-pred-dji,missing_not_at_random,25,mice_imputation,19.244355295202002
cnn-stock-pred-dji,missing_not_at_random,25,random_forest_imputation,15.05638595920746
cnn-stock-pred-dji,missing_not_at_random,30,k_nearest_neighbors_imputation,14.783089491971777
cnn-stock-pred-dji,missing_not_at_random,40,k_nearest_neighbors_imputation,19.04916842019696
torus,missing_completely_at_random,1,k_nearest_neighbors_imputation,0.0042265086488466296
torus,missing_completely_at_random,2,k_nearest_neighbors_imputation,0.006135289089690354
torus,missing_completely_at_random,3,k_nearest_neighbors_imputation,0.007725424909505452
torus,missing_completely_at_random,4,k_nearest_neighbors_imputation,0.009039994675896182
torus,missing_completely_at_random,5,constant_imputation,0.11178992334159686
torus,missing_completely_at_random,5,mean_imputation,0.11140664449208723
torus,missing_completely_at_random,5,median_imputation,0.1112885444274691
torus,missing_completely_at_random,5,k_nearest_neighbors_imputation,0.010149443970093925
torus,missing_completely_at_random,5,mice_imputation,0.003149994843384981
torus,missing_completely_at_random,5,random_forest_imputation,0.005531527693917601
torus,missing_completely_at_random,6,k_nearest_neighbors_imputation,0.011473404267752757
torus,missing_completely_at_random,8,k_nearest_neighbors_imputation,0.013339213435997014
torus,missing_completely_at_random,10,constant_imputation,0.15833899423450146
torus,missing_completely_at_random,10,mean_imputation,0.1581913607534704
torus,missing_completely_at_random,10,median_imputation,0.15829215796603724
torus,missing_completely_at_random,10,k_nearest_neighbors_imputation,0.015085271760956632
torus,missing_completely_at_random,10,mice_imputation,0.004876977100862833
torus,missing_completely_at_random,10,random_forest_imputation,0.009379320096244854
torus,missing_completely_at_random,15,k_nearest_neighbors_imputation,0.021071526773121033
torus,missing_completely_at_random,20,k_nearest_neighbors_imputation,0.02586810347677664
torus,missing_completely_at_random,25,constant_imputation,0.2523526768800478
torus,missing_completely_at_random,25,mean_imputation,0.25237551006868897
torus,missing_completely_at_random,25,median_imputation,0.25277715600875034
torus,missing_completely_at_random,25,k_nearest_neighbors_imputation,0.03247867051849322
torus,missing_completely_at_random,25,mice_imputation,0.009636122187127201
torus,missing_completely_at_random,25,random_forest_imputation,0.021461244117089575
torus,missing_completely_at_random,30,k_nearest_neighbors_imputation,0.04102295575801318
torus,missing_completely_at_random,40,k_nearest_neighbors_imputation,0.07322524585362364
torus,missing_at_random,1,k_nearest_neighbors_imputation,0.013185843646997715
torus,missing_at_random,2,k_nearest_neighbors_imputation,0.02655772245493231
torus,missing_at_random,3,k_nearest_neighbors_imputation,0.04084325578229845
torus,missing_at_random,4,k_nearest_neighbors_imputation,0.05286641478882049
torus,missing_at_random,5,constant_imputation,0.16884026901996735
torus,missing_at_random,5,mean_imputation,0.18736825951830605
torus,missing_at_random,5,median_imputation,0.18632660467679105
torus,missing_at_random,5,k_nearest_neighbors_imputation,0.06373464747142214
torus,missing_at_random,5,mice_imputation,0.02945026640421516
torus,missing_at_random,5,random_forest_imputation,0.035394740617574055
torus,missing_at_random,6,k_nearest_neighbors_imputation,0.07414237312479428
torus,missing_at_random,8,k_nearest_neighbors_imputation,0.09494243128320544
torus,missing_at_random,10,constant_imputation,0.20621784775775115
torus,missing_at_random,10,mean_imputation,0.25332451590338895
torus,missing_at_random,10,median_imputation,0.2519025255816504
torus,missing_at_random,10,k_nearest_neighbors_imputation,0.11225386772197533
torus,missing_at_random,10,mice_imputation,0.06363060927106903
torus,missing_at_random,10,random_forest_imputation,0.08045422700739839
torus,missing_at_random,15,k_nearest_neighbors_imputation,0.15105614145984564
torus,missing_at_random,20,k_nearest_neighbors_imputation,0.1965043544727864
torus,missing_at_random,25,constant_imputation,0.23785975039862473
torus,missing_at_random,25,mean_imputation,0.4009370217409583
torus,missing_at_random,25,median_imputation,0.3837001117409257
torus,missing_at_random,25,k_nearest_neighbors_imputation,0.25647442149532085
torus,missing_at_random,25,mice_imputation,0.18456612952212495
torus,missing_at_random,25,random_forest_imputation,0.21411215558474925
torus,missing_at_random,40,k_nearest_neighbors_imputation,0.4525704014502084
torus,missing_at_random,30,k_nearest_neighbors_imputation,0.31926660725875644
torus,missing_not_at_random,1,k_nearest_neighbors_imputation,0.0031562499964319928
torus,missing_not_at_random,2,k_nearest_neighbors_imputation,0.004655376149261608
torus,missing_not_at_random,3,k_nearest_neighbors_imputation,0.006124794958387819
torus,missing_not_at_random,4,k_nearest_neighbors_imputation,0.007091707163662691
torus,missing_not_at_random,5,constant_imputation,0.009861001165699252
torus,missing_not_at_random,5,mean_imputation,0.007116985356659335
torus,missing_not_at_random,5,median_imputation,0.011736593565509816
torus,missing_not_at_random,5,k_nearest_neighbors_imputation,0.007963480405717226
torus,missing_not_at_random,5,mice_imputation,0.008476863002768077
torus,missing_not_at_random,5,random_forest_imputation,0.009099020762604087
torus,missing_not_at_random,6,k_nearest_neighbors_imputation,0.009185248057316327
torus,missing_not_at_random,8,k_nearest_neighbors_imputation,0.011734112889251443
torus,missing_not_at_random,10,constant_imputation,0.018571258556290302
torus,missing_not_at_random,10,mean_imputation,0.01616704112713519
torus,missing_not_at_random,10,median_imputation,0.03248397667782828
torus,missing_not_at_random,10,k_nearest_neighbors_imputation,0.014764101997511823
torus,missing_not_at_random,10,mice_imputation,0.02148587351742325
torus,missing_not_at_random,10,random_forest_imputation,0.02695335663676954
torus,missing_not_at_random,15,k_nearest_neighbors_imputation,0.025212373298968322
torus,missing_not_at_random,20,k_nearest_neighbors_imputation,0.039947919938732826
torus,missing_not_at_random,25,constant_imputation,0.061925734721710465
torus,missing_not_at_random,25,mean_imputation,0.060688280773486085
torus,missing_not_at_random,25,median_imputation,0.12565954376498867
torus,missing_not_at_random,25,k_nearest_neighbors_imputation,0.05629981660557877
torus,missing_not_at_random,25,mice_imputation,0.08929817133889863
torus,missing_not_at_random,25,random_forest_imputation,0.10120444054239286
torus,missing_not_at_random,30,k_nearest_neighbors_imputation,0.07361154080392521
torus,missing_not_at_random,40,k_nearest_neighbors_imputation,0.13074394608914872
on_and_on,missing_completely_at_random,1,k_nearest_neighbors_imputation,0.007820251397788525
on_and_on,missing_completely_at_random,2,k_nearest_neighbors_imputation,0.012326252646744251
on_and_on,missing_completely_at_random,3,k_nearest_neighbors_imputation,0.014836653135716915
on_and_on,missing_completely_at_random,4,k_nearest_neighbors_imputation,0.016412852331995964
on_and_on,missing_completely_at_random,5,constant_imputation,0.09937958419322968
on_and_on,missing_completely_at_random,5,mean_imputation,0.04129492864012718
on_and_on,missing_completely_at_random,5,median_imputation,0.041503649204969406
on_and_on,missing_completely_at_random,5,k_nearest_neighbors_imputation,0.01822645217180252
on_and_on,missing_completely_at_random,5,mice_imputation,0.021568499505519867
on_and_on,missing_completely_at_random,5,random_forest_imputation,0.014012710812191168
on_and_on,missing_completely_at_random,6,k_nearest_neighbors_imputation,0.02060295268893242
on_and_on,missing_completely_at_random,8,k_nearest_neighbors_imputation,0.02469407394528389
on_and_on,missing_completely_at_random,10,constant_imputation,0.14182449877262115
on_and_on,missing_completely_at_random,10,mean_imputation,0.05902287736535072
on_and_on,missing_completely_at_random,10,median_imputation,0.05931747332215309
on_and_on,missing_completely_at_random,10,k_nearest_neighbors_imputation,0.027359306812286377
on_and_on,missing_completely_at_random,10,mice_imputation,0.03403625637292862
on_and_on,missing_completely_at_random,10,random_forest_imputation,0.02141520008444786
on_and_on,missing_completely_at_random,15,k_nearest_neighbors_imputation,0.03597160801291466
on_and_on,missing_completely_at_random,20,k_nearest_neighbors_imputation,0.04409581050276756
on_and_on,missing_completely_at_random,25,constant_imputation,0.22296753525733948
on_and_on,missing_completely_at_random,25,mean_imputation,0.09477637708187103
on_and_on,missing_completely_at_random,25,median_imputation,0.09516333043575287
on_and_on,missing_completely_at_random,25,k_nearest_neighbors_imputation,0.05221465602517128
on_and_on,missing_completely_at_random,25,mice_imputation,0.06424041216572125
on_and_on,missing_completely_at_random,25,random_forest_imputation,0.04461929698785146
on_and_on,missing_completely_at_random,30,k_nearest_neighbors_imputation,0.06115337833762169
on_and_on,missing_completely_at_random,40,k_nearest_neighbors_imputation,0.07994204759597778
on_and_on,missing_at_random,1,k_nearest_neighbors_imputation,0.01672753319144249
on_and_on,missing_at_random,2,k_nearest_neighbors_imputation,0.022502977401018143
on_and_on,missing_at_random,3,k_nearest_neighbors_imputation,0.02846933901309967
on_and_on,missing_at_random,4,k_nearest_neighbors_imputation,0.033605076372623444
on_and_on,missing_at_random,5,constant_imputation,0.041920486837625504
on_and_on,missing_at_random,5,mean_imputation,0.0701865553855896
on_and_on,missing_at_random,5,median_imputation,0.06939242780208588
on_and_on,missing_at_random,5,k_nearest_neighbors_imputation,0.03848126903176308
on_and_on,missing_at_random,5,mice_imputation,0.021127084270119667
on_and_on,missing_at_random,5,random_forest_imputation,0.03165058046579361
on_and_on,missing_at_random,6,k_nearest_neighbors_imputation,0.04278655722737312
on_and_on,missing_at_random,8,k_nearest_neighbors_imputation,0.051950469613075256
on_and_on,missing_at_random,10,constant_imputation,0.07797668874263763
on_and_on,missing_at_random,10,mean_imputation,0.09242130070924759
on_and_on,missing_at_random,10,median_imputation,0.09070979058742523
on_and_on,missing_at_random,10,k_nearest_neighbors_imputation,0.059136878699064255
on_and_on,missing_at_random,10,mice_imputation,0.03302530571818352
on_and_on,missing_at_random,10,random_forest_imputation,0.048915762454271317
on_and_on,missing_at_random,15,k_nearest_neighbors_imputation,0.0767725482583046
on_and_on,missing_at_random,20,k_nearest_neighbors_imputation,0.0895066037774086
on_and_on,missing_at_random,25,constant_imputation,0.17081281542778015
on_and_on,missing_at_random,25,mean_imputation,0.1357426941394806
on_and_on,missing_at_random,25,median_imputation,0.13453954458236694
on_and_on,missing_at_random,25,k_nearest_neighbors_imputation,0.10411825031042099
on_and_on,missing_at_random,25,mice_imputation,0.07176554203033447
on_and_on,missing_at_random,25,random_forest_imputation,0.0815146416425705
on_and_on,missing_at_random,30,k_nearest_neighbors_imputation,0.11795791983604431
on_and_on,missing_at_random,40,k_nearest_neighbors_imputation,0.15527868270874023
on_and_on,missing_not_at_random,1,k_nearest_neighbors_imputation,0.006370441988110542
on_and_on,missing_not_at_random,2,k_nearest_neighbors_imputation,0.009882498532533646
on_and_on,missing_not_at_random,3,k_nearest_neighbors_imputation,0.012272010557353497
on_and_on,missing_not_at_random,4,k_nearest_neighbors_imputation,0.014490576460957527
on_and_on,missing_not_at_random,5,constant_imputation,0.08972693979740143
on_and_on,missing_not_at_random,5,mean_imputation,0.0033858257811516523
on_and_on,missing_not_at_random,5,median_imputation,0.003798995865508914
on_and_on,missing_not_at_random,5,k_nearest_neighbors_imputation,0.016946716234087944
on_and_on,missing_not_at_random,5,mice_imputation,0.022362593561410904
on_and_on,missing_not_at_random,5,random_forest_imputation,0.015592857263982296
on_and_on,missing_not_at_random,6,k_nearest_neighbors_imputation,0.018841974437236786
on_and_on,missing_not_at_random,8,k_nearest_neighbors_imputation,0.022456547245383263
on_and_on,missing_not_at_random,10,constant_imputation,0.12626855075359344
on_and_on,missing_not_at_random,10,mean_imputation,0.0068687391467392445
on_and_on,missing_not_at_random,10,median_imputation,0.010408002883195877
on_and_on,missing_not_at_random,10,k_nearest_neighbors_imputation,0.02560453489422798
on_and_on,missing_not_at_random,10,mice_imputation,0.03689588978886604
on_and_on,missing_not_at_random,10,random_forest_imputation,0.025597302243113518
on_and_on,missing_not_at_random,15,k_nearest_neighbors_imputation,0.034407809376716614
on_and_on,missing_not_at_random,20,k_nearest_neighbors_imputation,0.044002894312143326
on_and_on,missing_not_at_random,25,constant_imputation,0.20064383745193481
on_and_on,missing_not_at_random,25,mean_imputation,0.020690185949206352
on_and_on,missing_not_at_random,25,median_imputation,0.03938528895378113
on_and_on,missing_not_at_random,25,k_nearest_neighbors_imputation,0.05271906033158302
on_and_on,missing_not_at_random,25,mice_imputation,0.0763964131474495
on_and_on,missing_not_at_random,25,random_forest_imputation,0.058830223977565765
on_and_on,missing_not_at_random,30,k_nearest_neighbors_imputation,0.06298605352640152
on_and_on,missing_not_at_random,40,k_nearest_neighbors_imputation,0.08078669756650925
